Item_Id,Low_Cap_Price
IT_265079,2496
IT_265087,3484
IT_265107,9827
IT_265139,8453
IT_265142,3020
IT_265144,1204
IT_265148,3641
IT_265156,5586
IT_265162,7910
IT_265170,7213
IT_265175,4718
IT_265181,6640
IT_265183,6274
IT_265184,5421
IT_265196,6097
IT_265201,6835
IT_265205,5812
IT_265244,3492
IT_265255,13240
IT_265259,7062
IT_265264,7130
IT_265274,3461
IT_265275,4376
IT_265294,1167
IT_265315,9920
IT_265317,3682
IT_265332,5350
IT_265338,6326
IT_265339,5432
IT_265341,6336
IT_265349,5014
IT_265350,5958
IT_265360,5514
IT_265379,4356
IT_265382,7904
IT_265417,9468
IT_265448,3005
IT_265455,3552
IT_265482,5431
IT_265490,5394
IT_265495,5855
IT_265499,4958
IT_265500,5983
IT_265504,6374
IT_265507,6199
IT_265533,7535
IT_265566,9946
IT_265568,4384
IT_265575,7607
IT_265577,3693
IT_265581,7618
IT_265611,5646
IT_265615,3822
IT_265647,4832
IT_265697,9323
IT_265701,3699
IT_265702,2969
IT_265703,1185
IT_265720,8826
IT_265734,4776
IT_265736,6009
IT_265740,6636
IT_265742,5489
IT_265747,5807
IT_265751,5839
IT_265757,6260
IT_265792,6736
IT_265816,5398
IT_265819,2075
IT_265866,14892
IT_265869,7609
IT_265874,2350
IT_265880,2545
IT_265905,4735
IT_265911,6652
IT_265922,6487
IT_265927,5742
IT_265932,6161
IT_265935,5556
IT_265948,3677
IT_265966,6092
IT_265976,3251
IT_265999,6150
IT_266030,4566
IT_266056,1596
IT_266058,3466
IT_266060,1149
IT_266069,2106
IT_266096,12207
IT_266103,4799
IT_266111,5448
IT_266115,5773
IT_266124,6544
IT_266128,6181
IT_266132,5771
IT_266137,5661
IT_266141,3624
IT_266155,13435
IT_266157,11618
IT_266166,6593
IT_266175,3317
IT_266188,4558
IT_266255,976
IT_266258,2498
IT_266264,3189
IT_266281,10219
IT_266298,4904
IT_266299,5639
IT_266307,5388
IT_266318,5500
IT_266322,6322
IT_266324,6040
IT_266334,5706
IT_266338,3266
IT_266354,10305
IT_266366,2069
IT_266376,3409
IT_266402,5528
IT_266413,3604
IT_266453,677
IT_266498,4776
IT_266499,1572
IT_266506,5450
IT_266514,6157
IT_266523,6304
IT_266532,5745
IT_266536,5560
IT_266537,5615
IT_266541,3385
IT_266556,10318
IT_266557,12273
IT_266571,1742
IT_266578,2112
IT_266594,5956
IT_266650,8005
IT_266665,1710
IT_266667,7453
IT_266671,3780
IT_266684,7471
IT_266700,4675
IT_266703,5896
IT_266715,6852
IT_266731,5741
IT_266741,5339
IT_266744,6278
IT_266752,6826
IT_266786,9798
IT_266806,5682
IT_266825,11915
IT_266833,2895
IT_266836,1473
IT_266842,2117
IT_266855,5219
IT_266915,9571
IT_266927,7387
IT_266950,5492
IT_266955,10732
IT_266974,4765
IT_266977,5743
IT_266981,6422
IT_266983,5415
IT_266988,5744
IT_266993,4929
IT_266994,5737
IT_266996,6352
IT_266999,5919
IT_267001,5727
IT_267003,5506
IT_267004,5598
IT_267019,2192
IT_267026,13746
IT_267049,3436
IT_267067,1927
IT_267121,8042
IT_267125,1614
IT_267130,3470
IT_267169,5437
IT_267181,6173
IT_267189,5584
IT_267194,5647
IT_267202,3372
IT_267243,1910
IT_267326,5421
IT_267328,5672
IT_267333,4887
IT_267401,1818
IT_267411,4219
IT_267468,1275
IT_267471,4536
IT_267474,4922
IT_267476,4035
IT_267495,9221
IT_267513,4792
IT_267517,6188
IT_267519,4947
IT_267534,6016
IT_267544,5534
IT_267555,1830
IT_267556,2899
IT_267599,2003
IT_267604,2458
IT_267652,4127
IT_267654,703
IT_267656,1507
IT_267662,1903
IT_267707,4711
IT_267711,5754
IT_267713,4724
IT_267714,5374
IT_267721,6058
IT_267735,4418
IT_267764,10365
IT_267808,1805
IT_267819,4248
IT_267844,2817
IT_267885,1409
IT_267929,4716
IT_267932,5619
IT_267938,4688
IT_267939,5367
IT_267944,5728
IT_267945,6126
IT_267951,5406
IT_267954,5454
IT_267957,4411
IT_267970,3440
IT_268027,8497
IT_268040,2647
IT_268075,5441
IT_268107,1343
IT_268195,9028
IT_268249,4797
IT_268250,5198
IT_268256,5908
IT_268259,5350
IT_268265,6113
IT_268272,5272
IT_268275,5286
IT_268284,5377
IT_268285,5539
IT_268300,2812
IT_268323,1909
IT_268331,1933
IT_268364,11065
IT_268398,4572
IT_268400,1492
IT_268406,3014
IT_268447,4658
IT_268455,5415
IT_268463,5459
IT_268469,5103
IT_268472,4230
IT_268475,5877
IT_268476,4544
IT_268486,3231
IT_268497,5929
IT_268517,1738
IT_268552,5777
IT_268591,3439
IT_268630,3301
IT_268644,2012
IT_268651,6466
IT_268669,4763
IT_268672,5555
IT_268678,5351
IT_268683,5689
IT_268690,4829
IT_268695,5310
IT_268719,5948
IT_268734,13029
IT_268756,1897
IT_268834,961
IT_268841,2524
IT_268890,5764
IT_268893,5386
IT_268904,5186
IT_268906,5009
IT_268909,5855
IT_268912,4507
IT_268958,1606
IT_268994,8348
IT_269018,3563
IT_269029,2050
IT_269056,5377
IT_269067,4906
IT_269105,1833
IT_269172,2513
IT_269213,4979
IT_269221,5726
IT_269236,6040
IT_269267,1946
IT_269290,2200
IT_269308,3659
IT_269317,2222
IT_269327,2722
IT_269384,2017
IT_269420,1808
IT_269451,3636
IT_269468,844
IT_269520,5227
IT_269525,5497
IT_269528,5375
IT_269532,5668
IT_269540,5122
IT_269546,5750
IT_269559,3028
IT_269606,1771
IT_269639,10524
IT_269689,3662
IT_269705,2500
IT_269742,4729
IT_269748,4997
IT_269759,5843
IT_269769,5502
IT_269784,1642
IT_269785,1510
IT_269813,1888
IT_269834,2491
IT_269899,1265
IT_269900,1808
IT_269903,5229
IT_269907,2439
IT_269923,2482
IT_269943,4166
IT_269964,4687
IT_269969,5712
IT_269971,4760
IT_269976,5073
IT_269984,4529
IT_269996,3257
IT_270011,5530
IT_270025,2050
IT_270029,2591
IT_270036,1706
IT_270057,2678
IT_270086,1422
IT_270129,5771
IT_270157,1936
IT_270254,6261
IT_270264,4706
IT_270268,1892
IT_270282,2289
IT_270297,2245
IT_270330,5652
IT_270332,4884
IT_270341,3650
IT_270342,5797
IT_270394,1842
IT_270427,2231
IT_270428,5808
IT_270485,2499
IT_270500,1966
IT_270537,4275
IT_270543,5654
IT_270545,4954
IT_270549,4776
IT_270556,4073
IT_270566,4887
IT_270628,8378
IT_270642,2295
IT_270674,5661
IT_270675,4642
IT_270682,5499
IT_270716,1964
IT_270747,2639
IT_270839,2621
IT_270873,3585
IT_270887,4719
IT_270898,5737
IT_270943,1561
IT_270951,1853
IT_270974,6986
IT_270980,5360
IT_271071,1962
IT_271121,4859
IT_271158,4472
IT_271172,1810
IT_271207,2394
IT_271254,8490
IT_271308,4453
IT_271313,5143
IT_271349,4900
IT_271365,1685
IT_271437,7725
IT_271463,3160
IT_271517,3672
IT_271533,4048
IT_271538,5272
IT_271541,4863
IT_271604,1891
IT_271625,5207
IT_271664,2508
IT_271713,2368
IT_271758,4177
IT_271778,5799
IT_271801,1703
IT_271810,1708
IT_271832,1610
IT_271841,1613
IT_271903,5533
IT_271927,9589
IT_271990,4416
IT_271996,5445
IT_272007,4853
IT_272010,3796
IT_272026,3014
IT_272121,4779
IT_272146,1547
IT_272152,1574
IT_272264,2223
IT_272281,1970
IT_272321,4467
IT_272329,4856
IT_272333,4754
IT_272336,4864
IT_272339,5724
IT_272346,4714
IT_272351,3384
IT_272359,1764
IT_272368,4700
IT_272385,1685
IT_272495,2844
IT_272553,4119
IT_272568,5638
IT_272580,3270
IT_272583,4893
IT_272611,1581
IT_272682,2490
IT_272735,4020
IT_272757,4593
IT_272762,3334
IT_272795,1430
IT_272828,4546
IT_272902,2595
IT_272938,4458
IT_272958,4434
IT_272965,4219
IT_272973,4882
IT_272975,3280
IT_272995,4657
IT_273028,1515
IT_273133,3494
IT_273134,5216
IT_273138,2578
IT_273152,2036
IT_273194,4099
IT_273200,4597
IT_273221,4875
IT_273258,1589
IT_273327,7148
IT_273331,3617
IT_273334,8243
IT_273344,2935
IT_273355,2181
IT_273388,4691
IT_273413,5192
IT_273468,2740
IT_273555,1427
IT_273570,2455
IT_273571,2522
IT_273606,5398
IT_273617,1836
IT_273687,970
IT_273714,2623
IT_273740,2820
IT_273757,4757
IT_273761,4174
IT_273768,4514
IT_273770,4630
IT_273780,5698
IT_273782,4449
IT_273795,3402
IT_273798,4691
IT_273828,1385
IT_273866,2288
IT_273926,1553
IT_273927,1534
IT_273928,784
IT_273929,1207
IT_273930,1586
IT_273931,661
IT_273954,3255
IT_273977,2237
IT_274019,4782
IT_274029,4629
IT_274035,4855
IT_274039,5694
IT_274074,4793
IT_274123,3643
IT_274215,5017
IT_274218,2050
IT_274220,3906
IT_274237,4808
IT_274241,2683
IT_274268,3246
IT_274282,4778
IT_274294,4708
IT_274305,4438
IT_274313,4648
IT_274318,3538
IT_274321,4715
IT_274327,1161
IT_274328,2367
IT_274332,1491
IT_274349,2127
IT_274354,1624
IT_274434,1499
IT_274439,1525
IT_274440,1593
IT_274441,897
IT_274442,1225
IT_274443,1564
IT_274444,678
IT_274463,1844
IT_274526,3991
IT_274533,4332
IT_274538,3860
IT_274562,4496
IT_274568,1303
IT_274571,1498
IT_274589,2349
IT_274594,1805
IT_274626,2281
IT_274629,2151
IT_274696,1431
IT_274697,1533
IT_274698,691
IT_274722,2968
IT_274725,1763
IT_274748,2066
IT_274791,4096
IT_274808,3229
IT_274827,4558
IT_274857,1579
IT_274890,4949
IT_274919,3474
IT_274972,2118
IT_275004,4220
IT_275006,4927
IT_275013,4188
IT_275026,4855
IT_275029,3406
IT_275044,3948
IT_275054,1095
IT_275069,2005
IT_275097,1614
IT_275124,537
IT_275136,1791
IT_275175,4684
IT_275211,1380
IT_275318,4362
IT_275343,2585
IT_275383,4189
IT_275392,3853
IT_275411,5484
IT_275413,4443
IT_275456,2591
IT_275460,1459
IT_275503,5650
IT_275597,4568
IT_275650,3929
IT_275658,4802
IT_275668,5629
IT_275671,4446
IT_275683,4383
IT_275713,2270
IT_275717,1479
IT_275758,5287
IT_275803,1569
IT_275804,1468
IT_275818,3581
IT_275825,4082
IT_275861,1935
IT_275903,4726
IT_275933,4284
IT_275942,4350
IT_275946,4408
IT_275952,1904
IT_275953,1977
IT_275976,2103
IT_275980,1802
IT_276067,1424
IT_276068,1379
IT_276069,539
IT_276098,2348
IT_276123,3562
IT_276162,4238
IT_276167,4143
IT_276176,4980
IT_276177,3630
IT_276180,3633
IT_276188,4436
IT_276200,4524
IT_276204,4236
IT_276232,2406
IT_276236,1439
IT_276267,6269
IT_276278,2937
IT_276375,1789
IT_276422,3955
IT_276431,5078
IT_276442,3307
IT_276458,4678
IT_276485,2456
IT_276488,1849
IT_276527,5229
IT_276558,4555
IT_276569,2160
IT_276587,5034
IT_276590,1690
IT_276622,4105
IT_276631,3940
IT_276639,4937
IT_276650,5237
IT_276652,4431
IT_276670,1349
IT_276671,1252
IT_276672,2011
IT_276682,2423
IT_276685,1732
IT_276750,2166
IT_276781,4576
IT_276792,3804
IT_276797,3233
IT_276799,4440
IT_276805,4156
IT_276820,2457
IT_276824,1590
IT_276832,6378
IT_276833,1879
IT_276917,3848
IT_276920,5083
IT_276996,4077
IT_277005,4756
IT_277028,4790
IT_277032,4256
IT_277036,1413
IT_277043,1483
IT_277060,2416
IT_277063,1419
IT_277099,1706
IT_277170,5169
IT_277250,4440
IT_277256,4433
IT_277267,4521
IT_277273,1335
IT_277296,3273
IT_277300,1461
IT_277397,2698
IT_277407,4102
IT_277412,2315
IT_277483,4570
IT_277484,3734
IT_277497,4471
IT_277510,4699
IT_277517,4354
IT_277521,1231
IT_277541,3067
IT_277545,1376
IT_277553,2173
IT_277573,2310
IT_277618,653
IT_277653,5183
IT_277664,2676
IT_277717,4945
IT_277729,4181
IT_277736,4572
IT_277748,3776
IT_277771,4420
IT_277772,4455
IT_277779,1282
IT_277796,2732
IT_277810,1525
IT_277891,1668
IT_277893,563
IT_277919,5979
IT_277927,2571
IT_277974,4371
IT_277997,4321
IT_278007,3893
IT_278030,4656
IT_278041,1898
IT_278059,2657
IT_278095,3155
IT_278138,1598
IT_278140,619
IT_278158,2622
IT_278193,2412
IT_278233,3762
IT_278244,3473
IT_278254,4452
IT_278265,4859
IT_278269,4376
IT_278272,1145
IT_278283,2142
IT_278319,1750
IT_278330,3154
IT_278353,1826
IT_278354,1422
IT_278394,4543
IT_278409,3870
IT_278413,5326
IT_278414,4427
IT_278422,4368
IT_278440,3242
IT_278452,1454
IT_278528,1415
IT_278581,2312
IT_278603,2997
IT_278609,4589
IT_278622,4238
IT_278648,4601
IT_278650,5113
IT_278663,4618
IT_278671,1421
IT_278695,3123
IT_278698,1504
IT_278779,1485
IT_278836,3061
IT_278875,4274
IT_278877,4393
IT_278899,3536
IT_278900,5656
IT_278903,4442
IT_278905,4119
IT_278914,4631
IT_278949,3214
IT_278962,2116
IT_278980,1974
IT_279037,436
IT_279056,2695
IT_279096,2766
IT_279134,3627
IT_279141,3990
IT_279156,4204
IT_279167,4371
IT_279194,1585
IT_279213,2764
IT_279251,3019
IT_279299,2712
IT_279328,132
IT_279340,1668
IT_279368,2969
IT_279422,3864
IT_279436,5365
IT_279439,4448
IT_279447,4312
IT_279468,1918
IT_279486,3333
IT_279499,2077
IT_279527,1951
IT_279596,2708
IT_279607,4227
IT_279611,2444
IT_279638,2856
IT_279685,3785
IT_279692,4025
IT_279697,3757
IT_279700,4073
IT_279705,5039
IT_279724,4298
IT_279753,1506
IT_279761,1736
IT_279783,3218
IT_279811,1584
IT_279814,2265
IT_279835,2487
IT_279840,5780
IT_279872,2369
IT_279903,3883
IT_279929,4840
IT_279947,4553
IT_279950,4526
IT_279958,1512
IT_280006,1813
IT_280037,4097
IT_280038,4762
IT_280050,4732
IT_280192,2465
IT_280220,1224
IT_280225,4521
IT_280228,3701
IT_280236,4775
IT_280240,4541
IT_280244,4916
IT_280257,4283
IT_280282,3011
IT_280295,1506
IT_280318,1998
IT_280322,5270
IT_280399,1993
IT_280425,2417
IT_280459,4161
IT_280482,3560
IT_280495,4737
IT_280520,3138
IT_280532,1860
IT_280535,2498
IT_280556,2054
IT_280628,2624
IT_280678,4604
IT_280681,4883
IT_280685,1254
IT_280706,2924
IT_280709,1993
IT_280722,2038
IT_280740,2304
IT_280811,2287
IT_280848,2770
IT_280892,4081
IT_280899,4274
IT_280901,5069
IT_280905,4195
IT_280914,4457
IT_280925,4572
IT_280928,4168
IT_280956,3171
IT_280989,3787
IT_281089,2393
IT_281127,4141
IT_281130,4677
IT_281134,4056
IT_281146,4174
IT_281147,3917
IT_281161,4349
IT_281179,1921
IT_281180,1864
IT_281197,3217
IT_281200,1551
IT_281324,2691
IT_281349,2939
IT_281360,4643
IT_281375,4856
IT_281385,4562
IT_281390,4545
IT_281404,1948
IT_281414,3263
IT_281443,4342
IT_281473,3067
IT_281508,4766
IT_281514,5482
IT_281544,3186
IT_281558,1490
IT_281578,3137
IT_281579,2897
IT_281631,499
IT_281681,2480
IT_281703,4586
IT_281718,4281
IT_281736,5009
IT_281743,4780
IT_281757,4268
IT_281760,4351
IT_281794,2850
IT_281807,2068
IT_281823,2675
IT_281875,1718
IT_281934,3360
IT_281957,4478
IT_281979,4463
IT_281987,4853
IT_281990,4342
IT_282010,4730
IT_282015,4397
IT_282026,1915
IT_282035,12023
IT_282058,2136
IT_282122,1525
IT_282145,2778
IT_282175,2463
IT_282215,4676
IT_282226,3855
IT_282234,4857
IT_282266,1974
IT_282285,3080
IT_282316,3644
IT_282379,2473
IT_282388,2815
IT_282412,3128
IT_282452,4270
IT_282457,4449
IT_282459,4537
IT_282467,4718
IT_282494,4628
IT_282499,4484
IT_282510,1939
IT_282525,3176
IT_282614,2166
IT_282622,3068
IT_282645,2531
IT_282666,4399
IT_282680,4328
IT_282687,5333
IT_282688,4774
IT_282701,4774
IT_282708,3725
IT_282723,4764
IT_282739,2484
IT_282748,3665
IT_282751,2003
IT_282763,1780
IT_282783,3587
IT_282817,4314
IT_282834,3485
IT_282865,4331
IT_282895,4596
IT_282898,4582
IT_282907,4791
IT_282911,4321
IT_282912,4545
IT_282916,4852
IT_282952,3096
IT_282955,1449
IT_282982,2331
IT_283014,2607
IT_283049,4422
IT_283050,4758
IT_283057,5168
IT_283086,3559
IT_283121,2617
IT_283185,1963
IT_283186,3115
IT_283220,3503
IT_283241,4879
IT_283265,4725
IT_283292,5057
IT_283304,2328
IT_283327,1458
IT_283421,1686
IT_283431,3021
IT_283495,4589
IT_283525,4574
IT_283545,2881
IT_283548,1373
IT_283579,4074
IT_283602,4280
IT_283611,1719
IT_283680,4070
IT_283686,4847
IT_283721,1868
IT_283750,3235
IT_283751,2283
IT_283798,1915
IT_283807,3017
IT_283829,3353
IT_283848,2849
IT_283863,4616
IT_283874,4315
IT_283879,4858
IT_283885,4432
IT_283903,1560
IT_283919,3288
IT_283921,1401
IT_283932,1965
IT_283937,2432
IT_283951,4153
IT_284000,2246
IT_284001,3380
IT_284006,2183
IT_284081,3877
IT_284084,4266
IT_284089,4145
IT_284145,2404
IT_284159,1510
IT_284204,457
IT_284231,3069
IT_284271,3714
IT_284283,4309
IT_284291,4745
IT_284297,4923
IT_284301,4238
IT_284310,5018
IT_284313,4434
IT_284334,1495
IT_284350,1324
IT_284360,2087
IT_284374,3732
IT_284390,4366
IT_284400,1143
IT_284420,4196
IT_284436,4947
IT_284437,5043
IT_284449,4798
IT_284474,3380
IT_284478,1552
IT_284507,3910
IT_284508,3724
IT_284540,4398
IT_284541,4438
IT_284555,1947
IT_284557,478
IT_284566,7695
IT_284578,3057
IT_284612,3075
IT_284637,4041
IT_284649,4343
IT_284664,4673
IT_284665,4468
IT_284669,4586
IT_284675,5071
IT_284719,3101
IT_284723,1765
IT_284758,3812
IT_284791,4113
IT_284807,1851
IT_284808,1508
IT_284809,502
IT_284830,2627
IT_284831,3928
IT_284863,3188
IT_284884,4208
IT_284944,1609
IT_284965,3158
IT_284968,1513
IT_284981,2602
IT_284998,3652
IT_285029,4843
IT_285048,1504
IT_285049,1443
IT_285069,2833
IT_285070,3640
IT_285099,3871
IT_285145,5032
IT_285147,4930
IT_285151,4468
IT_285156,4860
IT_285169,5120
IT_285178,4323
IT_285195,1421
IT_285240,2175
IT_285242,3442
IT_285255,5439
IT_285343,3279
IT_285372,4428
IT_285388,4850
IT_285392,4490
IT_285446,3359
IT_285480,2115
IT_285537,2861
IT_285538,4361
IT_285542,4992
IT_285568,3676
IT_285608,4862
IT_285619,4370
IT_285624,4862
IT_285628,4845
IT_285645,4452
IT_285653,1397
IT_285660,2266
IT_285800,4431
IT_285840,3691
IT_285848,3839
IT_285849,5200
IT_285863,4441
IT_285877,1988
IT_285953,5113
IT_285954,4931
IT_285957,4800
IT_285961,4420
IT_285971,1429
IT_285985,3002
IT_285998,1955
IT_286018,3338
IT_286086,3218
IT_286108,3633
IT_286156,5127
IT_286160,4447
IT_286184,4690
IT_286190,1437
IT_286217,1930
IT_286231,2707
IT_286244,1850
IT_286270,4563
IT_286274,5180
IT_286320,2498
IT_286344,3335
IT_286386,4551
IT_286443,3643
IT_286495,3700
IT_286529,3089
IT_286558,3414
IT_286602,4721
IT_286605,4560
IT_286625,5251
IT_286632,4492
IT_286645,1493
IT_286660,1994
IT_286695,3436
IT_286696,2529
IT_286736,3003
IT_286757,3577
IT_286774,4080
IT_286799,4864
IT_286822,2445
IT_286840,3001
IT_286843,1743
IT_286915,459
IT_286930,2567
IT_286939,3214
IT_286961,3668
IT_287002,4815
IT_287005,4272
IT_287006,5232
IT_287014,4279
IT_287016,5170
IT_287026,4594
IT_287050,3654
IT_287053,1887
IT_287067,2758
IT_287135,2394
IT_287137,2221
IT_287143,2617
IT_287149,5116
IT_287177,4194
IT_287199,5079
IT_287204,5337
IT_287208,4850
IT_287210,4105
IT_287218,4667
IT_287221,4766
IT_287249,1343
IT_287296,2919
IT_287309,2718
IT_287327,4905
IT_287342,1461
IT_287343,3916
IT_287345,3250
IT_287348,1551
IT_287436,4191
IT_287453,1704
IT_287461,3271
IT_287464,3084
IT_287468,1458
IT_287496,3386
IT_287545,2237
IT_287591,3951
IT_287632,4983
IT_287652,2944
IT_287656,1916
IT_287681,2187
IT_287788,4179
IT_287806,4817
IT_287814,4970
IT_287853,1473
IT_287865,3071
IT_287868,1674
IT_287877,1962
IT_287895,2198
IT_287920,3713
IT_287981,3863
IT_287984,3753
IT_288002,3150
IT_288032,4978
IT_288039,4856
IT_288041,4017
IT_288057,4622
IT_288060,5359
IT_288086,2989
IT_288090,1526
IT_288118,1877
IT_288121,2208
IT_288125,2987
IT_288140,3295
IT_288169,3893
IT_288178,4256
IT_288201,2954
IT_288221,3625
IT_288243,4499
IT_288252,4887
IT_288278,4546
IT_288289,2143
IT_288292,1415
IT_288302,3050
IT_288305,1535
IT_288382,800
IT_288387,4482
IT_288390,2412
IT_288398,4898
IT_288404,3281
IT_288448,5100
IT_288449,4475
IT_288496,3301
IT_288499,1351
IT_288542,2885
IT_288545,4288
IT_288564,1733
IT_288578,3828
IT_288607,2685
IT_288610,1808
IT_288637,3858
IT_288757,4430
IT_288784,4875
IT_288801,4991
IT_288808,1401
IT_288819,3453
IT_288823,1823
IT_288914,2777
IT_288940,3326
IT_288981,4998
IT_288990,4352
IT_288997,3972
IT_288999,5288
IT_289011,4537
IT_289017,1623
IT_289034,3254
IT_289038,1536
IT_289121,966
IT_289125,4586
IT_289129,2989
IT_289162,4437
IT_289197,4656
IT_289205,4887
IT_289215,4193
IT_289235,5006
IT_289252,3709
IT_289255,3105
IT_289348,2795
IT_289387,3965
IT_289403,5113
IT_289406,4537
IT_289408,4457
IT_289416,4698
IT_289417,5195
IT_289420,4411
IT_289456,1405
IT_289464,3196
IT_289467,1970
IT_289490,3654
IT_289493,3923
IT_289532,749
IT_289541,2608
IT_289594,4439
IT_289605,4681
IT_289621,4642
IT_289640,3016
IT_289643,1856
IT_289674,1822
IT_289697,5412
IT_289731,3949
IT_289738,3022
IT_289771,4299
IT_289786,4746
IT_289788,4668
IT_289795,4946
IT_289808,5489
IT_289817,5116
IT_289839,3392
IT_289842,2024
IT_289861,4179
IT_289876,3023
IT_289909,5231
IT_289924,1491
IT_289933,3092
IT_289946,2322
IT_289965,3555
IT_289987,2852
IT_290084,5200
IT_290085,4717
IT_290093,4803
IT_290097,5410
IT_290115,4520
IT_290137,3305
IT_290150,3165
IT_290232,775
IT_290241,3099
IT_290297,4322
IT_290306,4923
IT_290317,5157
IT_290327,4606
IT_290345,4407
IT_290352,1974
IT_290362,3010
IT_290401,3375
IT_290435,4600
IT_290439,1035
IT_290450,3635
IT_290520,5221
IT_290524,4214
IT_290534,4666
IT_290555,3272
IT_290559,2055
IT_290587,3363
IT_290613,4729
IT_290615,2519
IT_290643,287
IT_290651,3418
IT_290693,4411
IT_290707,4780
IT_290714,5331
IT_290716,4863
IT_290734,1914
IT_290750,3198
IT_290778,3737
IT_290844,3373
IT_290896,5550
IT_290911,4839
IT_290921,1510
IT_290931,3456
IT_290960,3402
IT_291032,3213
IT_291046,3542
IT_291084,5057
IT_291092,4846
IT_291132,3490
IT_291156,3255
IT_291166,2295
IT_291195,4954
IT_291207,4791
IT_291224,2788
IT_291241,2275
IT_291256,5132
IT_291305,585
IT_291306,2321
IT_291368,4828
IT_291401,4253
IT_291405,2720
IT_291433,1863
IT_291442,2414
IT_291443,4159
IT_291464,5786
IT_291513,1048
IT_291537,4416
IT_291540,3604
IT_291561,4422
IT_291565,4513
IT_291596,4560
IT_291620,3827
IT_291650,5248
IT_291697,7275
IT_291707,1941
IT_291708,4617
IT_291716,2120
IT_291786,5018
IT_291815,2892
IT_291837,1928
IT_291863,3456
IT_291883,5004
IT_291920,3684
IT_291947,3479
IT_291969,4937
IT_291975,5108
IT_291995,5146
IT_291997,4659
IT_292098,810
IT_292103,4395
IT_292107,3134
IT_292151,4836
IT_292163,5254
IT_292215,1879
IT_292221,2910
IT_292315,5116
IT_292337,4715
IT_292353,3517
IT_292356,1653
IT_292390,4295
IT_292396,6026
IT_292408,5229
IT_292428,5486
IT_292440,3188
IT_292444,1898
IT_292467,3023
IT_292470,5618
IT_292486,6092
IT_292558,3154
IT_292573,5758
IT_292605,4562
IT_292610,4901
IT_292616,1919
IT_292684,5053
IT_292715,778
IT_292716,2202
IT_292724,3229
IT_292769,4776
IT_292778,4546
IT_292781,4847
IT_292818,3113
IT_292831,2956
IT_292846,3558
IT_292951,4946
IT_292954,4711
IT_293013,3636
IT_293043,3134
IT_293078,936
IT_293079,2898
IT_293085,3229
IT_293121,4424
IT_293128,4592
IT_293135,4889
IT_293151,5055
IT_293160,5370
IT_293166,1847
IT_293184,3837
IT_293197,2225
IT_293266,903
IT_293267,2691
IT_293276,3591
IT_293322,5714
IT_293333,5408
IT_293336,4841
IT_293341,5008
IT_293376,3778
IT_293403,6104
IT_293453,2685
IT_293460,3405
IT_293501,4920
IT_293505,5613
IT_293527,5250
IT_293549,4061
IT_293579,5232
IT_293622,5729
IT_293629,5481
IT_293657,3444
IT_293669,2608
IT_293786,4410
IT_293794,4511
IT_293799,5615
IT_293801,4857
IT_293831,1958
IT_293850,3326
IT_293887,10706
IT_293933,3120
IT_293942,2607
IT_293945,4261
IT_294008,4851
IT_294024,4480
IT_294041,4081
IT_294057,1945
IT_294126,3482
IT_294133,3470
IT_294148,3676
IT_294178,4943
IT_294208,4779
IT_294273,2684
IT_294305,392
IT_294306,811
IT_294308,4932
IT_294313,3968
IT_294358,5070
IT_294366,5024
IT_294372,4846
IT_294382,5235
IT_294384,4938
IT_294388,4671
IT_294408,4459
IT_294428,2569
IT_294431,3341
IT_294490,4152
IT_294496,3090
IT_294542,5240
IT_294548,4802
IT_294554,4881
IT_294566,5189
IT_294626,5087
IT_294653,876
IT_294654,2952
IT_294655,5204
IT_294704,4761
IT_294782,3003
IT_294787,5519
IT_294797,5174
IT_294804,5609
IT_294825,5328
IT_294854,7570
IT_294870,4449
IT_294886,438
IT_294889,3590
IT_294916,2904
IT_294929,4421
IT_294936,5223
IT_294937,5318
IT_294945,4958
IT_294987,4326
IT_295007,2564
IT_295027,4340
IT_295050,4704
IT_295051,4175
IT_295072,961
IT_295073,3316
IT_295080,2250
IT_295095,3644
IT_295103,4330
IT_295121,4894
IT_295130,4962
IT_295134,4815
IT_295207,13176
IT_295250,906
IT_295251,2517
IT_295257,4080
IT_295296,4859
IT_295303,4870
IT_295308,5416
IT_295313,4955
IT_295322,4983
IT_295327,4769
IT_295389,2950
IT_295393,7976
IT_295395,3230
IT_295396,6152
IT_295423,3530
IT_295466,5299
IT_295479,5443
IT_295482,4898
IT_295483,4339
IT_295536,3641
IT_295595,871
IT_295597,3770
IT_295637,5229
IT_295648,5627
IT_295654,5436
IT_295666,4672
IT_295713,2571
IT_295751,4800
IT_295752,3177
IT_295768,2759
IT_295783,3811
IT_295810,5255
IT_295815,5547
IT_295880,4533
IT_295903,5512
IT_295919,5080
IT_295920,5499
IT_295967,2944
IT_295968,4316
IT_295983,2802
IT_295992,5527
IT_296004,6262
IT_296043,5301
IT_296050,5628
IT_296057,5487
IT_296060,4862
IT_296196,5085
IT_296202,4761
IT_296225,5240
IT_296270,5385
IT_296275,3007
IT_296294,1141
IT_296301,3753
IT_296329,4904
IT_296366,5167
IT_296381,2847
IT_296392,4007
IT_296431,3764
IT_296432,7269
IT_296453,7350
IT_296460,2254
IT_296467,5478
IT_296474,5630
IT_296476,4950
IT_296484,4841
IT_296499,5093
IT_296538,3743
IT_296585,464
IT_296590,3626
IT_296607,5154
IT_296613,4401
IT_296628,5601
IT_296630,4919
IT_296633,4672
IT_296638,4775
IT_296647,5186
IT_296649,4904
IT_296651,5165
IT_296654,4559
IT_296662,5001
IT_296729,1020
IT_296731,3952
IT_296735,3377
IT_296758,5236
IT_296764,5056
IT_296767,4693
IT_296770,4665
IT_296781,4855
IT_296807,4641
IT_296809,3449
IT_296820,5021
IT_296827,2099
IT_296855,6057
IT_296886,4182
IT_296889,1102
IT_296892,8190
IT_296919,4852
IT_296927,5046
IT_296932,4842
IT_296944,5059
IT_296949,5088
IT_297031,4986
IT_297034,4612
IT_297036,4841
IT_297046,2092
IT_297127,5714
IT_297134,3237
IT_297152,5865
IT_297171,5193
IT_297177,5767
IT_297193,5239
IT_297197,4834
IT_297215,3919
IT_297227,4729
IT_297264,3210
IT_297279,4120
IT_297282,2970
IT_297284,9111
IT_297311,5027
IT_297361,4284
IT_297403,3897
IT_297439,9312
IT_297449,3827
IT_297452,5145
IT_297454,3542
IT_297477,3267
IT_297488,5082
IT_297489,5631
IT_297492,5353
IT_297493,5086
IT_297501,5149
IT_297505,5541
IT_297508,4856
IT_297556,3365
IT_297591,6270
IT_297610,8858
IT_297614,3726
IT_297629,5632
IT_297640,4424
IT_297643,5113
IT_297645,4624
IT_297646,5275
IT_297661,4874
IT_297678,4461
IT_297687,4609
IT_297690,4093
IT_297753,5659
IT_297781,3232
IT_297795,4080
IT_297821,4259
IT_297824,1122
IT_297825,2366
IT_297828,8085
IT_297869,4924
IT_297880,5605
IT_297894,5253
IT_297918,3895
IT_297924,9397
IT_297929,4240
IT_297973,4237
IT_297982,3340
IT_297993,5504
IT_298010,5191
IT_298014,4978
IT_298015,5308
IT_298023,4904
IT_298028,4836
IT_298044,4565
IT_298059,3817
IT_298064,2809
IT_298090,5651
IT_298095,10022
IT_298106,4153
IT_298171,5302
IT_298182,5485
IT_298199,5228
IT_298254,5242
IT_298321,7057
IT_298342,5876
IT_298348,5628
IT_298366,4733
IT_298368,5237
IT_298371,5082
IT_298454,7712
IT_298474,6656
IT_298577,8111
IT_298610,7395
IT_298617,5129
IT_298623,4413
IT_298628,5032
IT_298629,5299
IT_298640,5371
IT_298650,5126
IT_298671,4505
IT_298725,5211
IT_298732,5036
IT_298734,5697
IT_298739,5681
IT_298785,5390
IT_298819,2567
IT_298821,8158
IT_298843,4049
IT_298880,5525
IT_298883,4838
IT_298887,5590
IT_298894,4884
IT_298899,5344
IT_298929,3793
IT_298941,4263
IT_299009,5301
IT_299036,5754
IT_299046,3895
IT_299085,5776
IT_299099,7812
IT_299110,961
IT_299111,2415
IT_299118,4408
IT_299153,5310
IT_299158,5620
IT_299169,4846
IT_299205,4577
IT_299246,4025
IT_299247,6181
IT_299270,1058
IT_299304,5624
IT_299314,5630
IT_299316,4972
IT_299330,5048
IT_299354,4041
IT_299371,2652
IT_299383,4867
IT_299399,6433
IT_299417,3563
IT_299421,2637
IT_299455,5271
IT_299457,5318
IT_299473,4878
IT_299483,4514
IT_299491,4948
IT_299494,4368
IT_299546,5839
IT_299573,5304
IT_299576,3409
IT_299589,1555
IT_299593,5145
IT_299606,5217
IT_299617,5002
IT_299629,5718
IT_299632,4488
IT_299642,5474
IT_299650,2646
IT_299664,3355
IT_299689,4552
IT_299692,3926
IT_299698,7381
IT_299708,5201
IT_299722,5235
IT_299726,5768
IT_299731,3543
IT_299769,4482
IT_299780,8072
IT_299792,630
IT_299793,2535
IT_299796,3904
IT_299797,5577
IT_299840,5303
IT_299848,5355
IT_299859,5721
IT_299865,4722
IT_299869,5229
IT_299872,5087
IT_299877,6300
IT_299889,4662
IT_299910,9693
IT_299951,3831
IT_299991,4414
IT_299993,5227
IT_299995,5603
IT_299997,5311
IT_300004,5147
IT_300011,4849
IT_300018,4539
IT_300022,4873
IT_300048,4367
IT_300059,3015
IT_300068,11785
IT_300100,4645
IT_300108,5750
IT_300125,8540
IT_300147,6016
IT_300148,5302
IT_300158,5437
IT_300162,4865
IT_300171,4854
IT_300224,13289
IT_300261,2315
IT_300263,6926
IT_300305,5322
IT_300311,5623
IT_300338,5130
IT_300360,71828776
IT_300388,4857
IT_300389,6651
IT_300401,8212
IT_300410,2708
IT_300411,3916
IT_300426,3670
IT_300430,7631
IT_300458,4894
IT_300466,4890
IT_300473,4471
IT_300478,5239
IT_300484,5256
IT_300551,4792
IT_300571,8444
IT_300581,4434
IT_300585,5308
IT_300592,5125
IT_300602,4994
IT_300617,5077
IT_300622,6046
IT_300690,14463
IT_300705,6504
IT_300716,5035
IT_300731,3896
IT_300732,7307
IT_300755,6967
IT_300776,5293
IT_300784,4988
IT_300806,5254
IT_300849,13984
IT_300853,8260
IT_300866,6026
IT_300890,3980
IT_300895,3693
IT_300910,8422
IT_300930,5310
IT_300942,4968
IT_300948,5154
IT_300968,4535
IT_301016,4939
IT_301018,5142
IT_301044,3188
IT_301078,5218
IT_301083,5304
IT_301097,4914
IT_301099,5225
IT_301108,5131
IT_301113,4954
IT_301188,4238
IT_301191,1878
IT_301193,4249
IT_301198,3450
IT_301235,5321
IT_301242,4873
IT_301246,5469
IT_301249,4927
IT_301253,5663
IT_301267,5186
IT_301315,6048
IT_301316,4809
IT_301339,3215
IT_301351,8251
IT_301362,4418
IT_301364,5673
IT_301367,5304
IT_301370,5622
IT_301372,5001
IT_301377,4931
IT_301379,5091
IT_301383,4461
IT_301385,5099
IT_301389,5228
IT_301406,7000
IT_301464,7125
IT_301491,5240
IT_301508,5701
IT_301510,4648
IT_301527,6917
IT_301538,43928
IT_301561,3656
IT_301566,7484
IT_301580,4942
IT_301603,4114
IT_301625,18651
IT_301627,8336
IT_301659,6634
IT_301691,5598
IT_301695,5672
IT_301697,5084
IT_301699,5337
IT_301706,5619
IT_301713,5336
IT_301716,4942
IT_301738,6305
IT_301739,5945
IT_301757,10671
IT_301772,8945
IT_301818,3546
IT_301845,5724
IT_301849,5703
IT_301852,5154
IT_301853,5325
IT_301877,5311
IT_301900,3852
IT_301976,3356
IT_301988,6625
IT_301990,3288
IT_302019,5076
IT_302023,4736
IT_302027,4943
IT_302030,4707
IT_302033,5112
IT_302038,5311
IT_302046,4576
IT_302090,3025
IT_302098,1276
IT_302117,7980
IT_302128,4896
IT_302161,9227
IT_302177,5785
IT_302186,5308
IT_302200,4927
IT_302202,4865
IT_302210,5317
IT_302217,5135
IT_302222,5746
IT_302253,7213
IT_302288,8353
IT_302290,6164
IT_302298,2296
IT_302305,4899
IT_302321,7996
IT_302324,5630
IT_302343,5128
IT_302345,5337
IT_302353,5091
IT_302356,3460
IT_302358,5655
IT_302365,5202
IT_302367,5819
IT_302418,9335
IT_302440,8202
IT_302442,4449
IT_302445,1107
IT_302447,3784
IT_302454,4709
IT_302459,16641
IT_302469,7912
IT_302482,5645
IT_302486,5320
IT_302498,5653
IT_302501,4940
IT_302526,8236
IT_302529,4164
IT_302556,7209
IT_302557,4279
IT_302561,8113
IT_302564,9307
IT_302583,5676
IT_302605,4140
IT_302624,5950
IT_302654,3627
IT_302658,5566
IT_302674,7400
IT_302679,5703
IT_302695,5324
IT_302703,5094
IT_302711,4928
IT_302728,5296
IT_302781,6520
IT_302808,3420
IT_302848,5307
IT_302861,5021
IT_302866,5990
IT_302869,4520
IT_302880,4966
IT_302897,8547
IT_302935,7083
IT_302940,6623
IT_302953,4131
IT_302959,9390
IT_302965,3774
IT_302979,9023
IT_303004,5323
IT_303011,5272
IT_303015,4507
IT_303016,5650
IT_303019,4956
IT_303034,5163
IT_303052,8696
IT_303056,3755
IT_303062,22931
IT_303113,4874
IT_303119,9037
IT_303136,8144
IT_303158,5300
IT_303169,3426
IT_303220,5307
IT_303260,1364
IT_303281,9924
IT_303298,5734
IT_303303,5319
IT_303317,5658
IT_303320,4944
IT_303333,5311
IT_303357,5603
IT_303361,4185
IT_303378,17537
IT_303393,7220
IT_303408,1107
IT_303427,11158
IT_303441,5307
IT_303445,5619
IT_303452,5784
IT_303458,5171
IT_303460,5752
IT_303463,4499
IT_303464,5293
IT_303465,4943
IT_303467,5312
IT_303469,5254
IT_303481,9014
IT_303516,4587
IT_303525,5388
IT_303543,5006
IT_303558,4618
IT_303563,4048
IT_303585,12127
IT_303618,9231
IT_303622,1553
IT_303627,5590
IT_303635,5427
IT_303663,5061
IT_303665,5344
IT_303672,5621
IT_303678,4708
IT_303679,5591
IT_303682,4991
IT_303686,5984
IT_303710,4767
IT_303721,3993
IT_303743,13678
IT_303794,8726
IT_303818,5362
IT_303836,5039
IT_303837,5336
IT_303841,2379
IT_303865,5145
IT_303868,5480
IT_303886,3482
IT_303892,20441
IT_303911,12243
IT_303914,8621
IT_303928,6734
IT_303943,8015
IT_303948,8396
IT_303959,9825
IT_303976,4881
IT_303994,5289
IT_303999,5621
IT_304004,3624
IT_304009,4931
IT_304040,8795
IT_304057,4668
IT_304067,11019
IT_304072,8865
IT_304085,7171
IT_304108,1291
IT_304115,4555
IT_304134,5571
IT_304147,5792
IT_304157,5350
IT_304169,5813
IT_304176,5971
IT_304179,4573
IT_304208,4474
IT_304230,2932
IT_304288,7816
IT_304301,5629
IT_304308,4903
IT_304310,5176
IT_304311,5316
IT_304325,4973
IT_304328,5225
IT_304330,5895
IT_304338,5257
IT_304342,5219
IT_304353,15144
IT_304361,4859
IT_304391,13020
IT_304423,1685
IT_304425,3939
IT_304439,6517
IT_304443,9073
IT_304454,5604
IT_304459,5601
IT_304463,5307
IT_304476,5700
IT_304479,5011
IT_304496,5095
IT_304512,4521
IT_304529,13685
IT_304540,5398
IT_304554,5276
IT_304597,10052
IT_304623,7868
IT_304649,10740
IT_304670,5319
IT_304677,5136
IT_304685,4960
IT_304689,5923
IT_304715,7966
IT_304718,5266
IT_304787,3351
IT_304788,5709
IT_304789,8997
IT_304794,4091
IT_304820,4637
IT_304827,5197
IT_304828,5315
IT_304835,5323
IT_304842,4989
IT_304859,5347
IT_304869,6791
IT_304899,14082
IT_304904,3360
IT_304930,7720
IT_304933,1531
IT_304935,6465
IT_304946,8718
IT_304955,7921
IT_304976,5345
IT_304981,5616
IT_304982,5565
IT_304990,5076
IT_305005,5337
IT_305040,12257
IT_305062,6261
IT_305063,88989
IT_305095,5127
IT_305101,5615
IT_305107,5748
IT_305110,4972
IT_305112,5376
IT_305160,11791
IT_305189,5466
IT_305190,8374
IT_305194,4919
IT_305207,9769
IT_305211,9018
IT_305242,5349
IT_305244,5875
IT_305247,4553
IT_305252,5310
IT_305269,7693
IT_305309,6601
IT_305328,9204
IT_305331,3957
IT_305341,9955
IT_305355,5195
IT_305359,5777
IT_305360,5342
IT_305368,5044
IT_305391,6701
IT_305439,9779
IT_305471,3698
IT_305476,7288
IT_305479,3997
IT_305498,12926
IT_305535,5809
IT_305554,8487
IT_305569,5262
IT_305594,5008
IT_305602,5230
IT_305610,5327
IT_305624,8382
IT_305690,5643
IT_305708,5388
IT_305727,5354
IT_305743,5067
IT_305758,5197
IT_305770,7868
IT_305775,4783
IT_305796,8881
IT_305808,10985
IT_305825,7807
IT_305830,5883
IT_305832,6159
IT_305835,5140
IT_305849,10135
IT_305853,5509
IT_305873,5304
IT_305881,5401
IT_305892,5070
IT_305914,6036
IT_305945,9186
IT_305977,2787
IT_305980,6731
IT_305985,3567
IT_305992,7136
IT_306002,10248
IT_306019,4478
IT_306027,5354
IT_306040,4804
IT_306041,5802
IT_306045,5203
IT_306057,5309
IT_306062,5369
IT_306065,4650
IT_306127,3649
IT_306134,8078
IT_306178,4796
IT_306256,7317
IT_306259,3782
IT_306264,3554
IT_306276,7465
IT_306292,5286
IT_306293,5330
IT_306302,5400
IT_306312,5017
IT_306315,5782
IT_306340,8740
IT_306373,4548
IT_306375,9256
IT_306392,5404
IT_306395,5709
IT_306412,3105
IT_306421,7683
IT_306440,6800
IT_306451,10590
IT_306467,6114
IT_306469,4683
IT_306490,7301
IT_306492,2719
IT_306510,5367
IT_306540,5310
IT_306547,5521
IT_306553,3158
IT_306560,8912
IT_306564,3978
IT_306613,7082
IT_306617,6003
IT_306618,9037
IT_306651,4532
IT_306654,5803
IT_306658,4985
IT_306659,5428
IT_306676,5016
IT_306702,3250
IT_306709,9195
IT_306714,7329
IT_306772,5300
IT_306773,8653
IT_306777,10407
IT_306785,13268
IT_306794,9259
IT_306814,5355
IT_306819,5319
IT_306831,5064
IT_306852,4935
IT_306857,2982
IT_306921,9810
IT_306936,9320
IT_306957,5170
IT_306978,4986
IT_306996,5667
IT_307004,3039
IT_307064,8486
IT_307065,7231
IT_307066,5378
IT_307081,10384
IT_307099,5869
IT_307104,5272
IT_307114,5361
IT_307117,5545
IT_307144,5409
IT_307150,6087
IT_307153,2036
IT_307164,7601
IT_307168,3622
IT_307228,10299
IT_307244,5230
IT_307250,5307
IT_307259,5181
IT_307265,5803
IT_307330,7637
IT_307358,2880
IT_307360,4181
IT_307379,7437
IT_307395,9423
IT_307434,5315
IT_307452,4200
IT_307478,5373
IT_307479,5324
IT_307493,4938
IT_307502,5310
IT_307517,9338
IT_307528,5530
IT_307554,5145
IT_307578,4365
IT_307584,10029
IT_307610,5218
IT_307611,5405
IT_307618,5217
IT_307665,4807
IT_307714,9640
IT_307721,3801
IT_307727,9834
IT_307732,10665
IT_307737,5980
IT_307752,5800
IT_307754,5210
IT_307755,5392
IT_307773,4956
IT_307785,5307
IT_307798,3444
IT_307850,10061
IT_307851,7686
IT_307856,7227
IT_307858,5921
IT_307859,8691
IT_307870,7505
IT_307874,9137
IT_307895,5780
IT_307897,5498
IT_307898,5390
IT_307906,5242
IT_307920,5872
IT_307941,3576
IT_308011,8708
IT_308017,8643
IT_308033,4489
IT_308040,5394
IT_308047,5290
IT_308059,5066
IT_308061,5295
IT_308063,5939
IT_308070,5304
IT_308082,3225
IT_308120,4642
IT_308146,5346
IT_308157,6240
IT_308159,3284
IT_308165,8545
IT_308166,3982
IT_308185,6943
IT_308198,12168
IT_308211,7497
IT_308233,9678
IT_308252,5359
IT_308253,5407
IT_308267,5821
IT_308270,4975
IT_308273,5937
IT_308280,5307
IT_308346,10199
IT_308355,8554
IT_308380,5310
IT_308384,5369
IT_308395,4881
IT_308399,4965
IT_308412,5310
IT_308417,5657
IT_308424,3789
IT_308433,5577
IT_308442,5420
IT_308473,7061
IT_308479,9311
IT_308498,5717
IT_308509,4571
IT_308515,5078
IT_308516,5376
IT_308528,4795
IT_308533,4994
IT_308544,5318
IT_308552,6053
IT_308555,4687
IT_308559,4239
IT_308603,12215
IT_308619,4356
IT_308622,9650
IT_308637,8283
IT_308651,4607
IT_308658,5308
IT_308671,4809
IT_308677,4962
IT_308679,5266
IT_308680,5961
IT_308693,5907
IT_308698,6257
IT_308701,2547
IT_308724,5829
IT_308755,7613
IT_308759,7345
IT_308760,9528
IT_308777,9420
IT_308801,5278
IT_308802,5413
IT_308808,5313
IT_308812,5521
IT_308816,5844
IT_308820,5026
IT_308823,5291
IT_308841,4636
IT_308843,3813
IT_308890,19329
IT_308897,8947
IT_308904,8072
IT_308921,9976
IT_308933,4626
IT_308939,5398
IT_308956,4989
IT_308963,3752
IT_308999,6678
IT_309012,5915
IT_309014,5391
IT_309016,6050
IT_309039,7165
IT_309073,8444
IT_309078,8866
IT_309106,4996
IT_309120,4627
IT_309124,7369
IT_309128,6126
IT_309183,11195
IT_309189,9094
IT_309204,4544
IT_309205,5264
IT_309209,5777
IT_309212,5402
IT_309218,5566
IT_309244,3177
IT_309298,10903
IT_309313,8889
IT_309317,5980
IT_309336,5422
IT_309354,5026
IT_309374,3555
IT_309393,5681
IT_309433,7605
IT_309437,11473
IT_309445,9813
IT_309460,4581
IT_309468,5363
IT_309477,5313
IT_309490,5322
IT_309522,11337
IT_309559,8744
IT_309573,7888
IT_309614,5369
IT_309631,5024
IT_309644,5304
IT_309667,9512
IT_309676,6091
IT_309697,6333
IT_309709,2116
IT_309720,9701
IT_309746,5387
IT_309754,5513
IT_309757,5544
IT_309760,5894
IT_309765,5279
IT_309767,5398
IT_309782,5935
IT_309821,10448
IT_309824,9604
IT_309848,5428
IT_309850,6054
IT_309870,11769
IT_309892,12718
IT_309914,11184
IT_309945,5812
IT_309948,5584
IT_309969,5167
IT_309977,5570
IT_309986,5867
IT_309995,6700
IT_310000,8364
IT_310003,14474
IT_310026,11248
IT_310045,9791
IT_310051,9583
IT_310065,5275
IT_310076,5698
IT_310083,5555
IT_310086,6052
IT_310093,5305
IT_310103,6173
IT_310119,6199
IT_310149,8586
IT_310167,10952
IT_310185,5263
IT_310190,5429
IT_310218,5304
IT_310223,6178
IT_310256,11932
IT_310276,11062
IT_310286,13356
IT_310307,5559
IT_310316,5393
IT_310337,6857
IT_310343,9097
IT_310376,6302
IT_310383,1794
IT_310384,5201
IT_310389,11060
IT_310414,5700
IT_310415,5415
IT_310427,5529
IT_310443,5868
IT_310447,5302
IT_310459,6457
IT_310476,5556
IT_310485,7124
IT_310501,9011
IT_310502,6106
IT_310503,6620
IT_310506,10526
IT_310530,5480
IT_310531,5383
IT_310536,5319
IT_310560,5299
IT_310566,6004
IT_310576,9427
IT_310600,6100
IT_310608,13370
IT_310612,5314
IT_310661,7562
IT_310665,7983
IT_310670,11131
IT_310696,5604
IT_310721,6081
IT_310732,9057
IT_310741,5633
IT_310764,7541
IT_310775,8871
IT_310795,5735
IT_310796,5362
IT_310812,5444
IT_310814,5956
IT_310828,5776
IT_310831,5816
IT_310862,11146
IT_310872,9180
IT_310884,9041
IT_310885,9814
IT_310886,7966
IT_310892,9676
IT_310894,8555
IT_310917,5776
IT_310918,5441
IT_310932,6040
IT_310946,5301
IT_310950,5895
IT_310953,5461
IT_310997,11351
IT_310999,14562
IT_311011,6267
IT_311014,10743
IT_311035,5540
IT_311036,5425
IT_311071,7466
IT_311109,4958
IT_311110,12668
IT_311111,7106
IT_311115,11422
IT_311116,9012
IT_311136,5407
IT_311144,5928
IT_311157,5919
IT_311170,6071
IT_311205,10185
IT_311206,13203
IT_311215,7781
IT_311234,8605
IT_311237,6078
IT_311243,4650
IT_311252,5387
IT_311273,5431
IT_311290,5929
IT_311326,9721
IT_311333,5354
IT_311345,5924
IT_311358,3429
IT_311374,8280
IT_311385,9604
IT_311399,5675
IT_311401,9693
IT_311402,7573
IT_311409,13295
IT_311430,5440
IT_311439,6048
IT_311507,15090
IT_311518,7396
IT_311524,10042
IT_311536,5799
IT_311573,5442
IT_311609,6030
IT_311640,6293
IT_311652,10175
IT_311666,5267
IT_311667,5987
IT_311704,6147
IT_311707,4646
IT_311709,6541
IT_311719,10063
IT_311725,5452
IT_311740,13277
IT_311751,5939
IT_311752,13047
IT_311763,10024
IT_311805,5986
IT_311817,9387
IT_311841,12857
IT_311857,9808
IT_311866,9740
IT_311896,4886
IT_311904,5975
IT_311910,6345
IT_311928,4916
IT_311929,7817
IT_311965,8572
IT_311968,2059
IT_311977,12324
IT_312004,5759
IT_312010,5826
IT_312016,5436
IT_312018,6131
IT_312031,5723
IT_312044,9460
IT_312060,10738
IT_312063,11596
IT_312082,5971
IT_312097,4832
IT_312131,13327
IT_312139,5327
IT_312159,5993
IT_312170,6354
IT_312180,6033
IT_312184,4883
IT_312201,5492
IT_312229,3764
IT_312247,9815
IT_312264,5876
IT_312265,5425
IT_312274,5046
IT_312283,6155
IT_312297,4900
IT_312334,11119
IT_312350,5353
IT_312387,11640
IT_312423,4712
IT_312434,5880
IT_312439,6047
IT_312443,5437
IT_312449,5946
IT_312465,10364
IT_312468,12728
IT_312473,5521
IT_312479,8715
IT_312504,11393
IT_312510,8519
IT_312532,5408
IT_312554,5439
IT_312556,6128
IT_312585,16113
IT_312621,8403
IT_312623,6531
IT_312624,10406
IT_312628,8676
IT_312631,10513
IT_312641,4734
IT_312674,6122
IT_312695,9949
IT_312711,13841
IT_312712,10469
IT_312721,5340
IT_312758,9044
IT_312802,4712
IT_312805,5991
IT_312809,5452
IT_312815,5293
IT_312820,4762
IT_312835,5717
IT_312841,6137
IT_312851,3445
IT_312854,5642
IT_312865,5749
IT_312897,9001
IT_312903,9380
IT_312946,5302
IT_312952,4855
IT_312965,9436
IT_312970,5722
IT_312991,7500
IT_312994,6922
IT_312995,9959
IT_312997,11303
IT_313002,9627
IT_313004,14009
IT_313045,6630
IT_313054,5001
IT_313064,10762
IT_313071,6297
IT_313117,4808
IT_313119,5365
IT_313124,5806
IT_313148,6172
IT_313155,5364
IT_313161,5908
IT_313164,4716
IT_313169,7294
IT_313211,10511
IT_313219,10236
IT_313232,4925
IT_313239,5738
IT_313240,5437
IT_313248,6162
IT_313251,5533
IT_313266,6151
IT_313279,5963
IT_313297,2753
IT_313319,5465
IT_313320,12059
IT_313327,11295
IT_313338,4735
IT_313339,5327
IT_313372,1902
IT_313401,11227
IT_313403,9900
IT_313423,6042
IT_313433,4465
IT_313443,20601
IT_313468,8336
IT_313472,8950
IT_313495,4758
IT_313510,6418
IT_313525,6304
IT_313537,3752
IT_313561,11335
IT_313562,13365
IT_313577,9216
IT_313600,5446
IT_313625,6466
IT_313650,5680
IT_313680,8801
IT_313682,10653
IT_313700,4733
IT_313726,6427
IT_313730,5362
IT_313770,15618
IT_313783,1798
IT_313784,9592
IT_313804,4838
IT_313812,5415
IT_313821,6282
IT_313832,6126
IT_313853,4298
IT_313879,10632
IT_313897,9627
IT_313905,11632
IT_313929,6295
IT_313952,5987
IT_313969,13462
IT_314000,7385
IT_314016,5931
IT_314022,5422
IT_314029,6501
IT_314059,4966
IT_314103,6225
IT_314131,138
IT_314180,4743
IT_314182,5314
IT_314195,6628
IT_314202,6093
IT_314212,6470
IT_314214,1754
IT_314220,5945
IT_314248,10354
IT_314249,9856
IT_314253,14390
IT_314271,8563
IT_314279,10927
IT_314292,4727
IT_314294,5344
IT_314295,5963
IT_314299,5476
IT_314321,6673
IT_314334,5797
IT_314376,9119
IT_314377,12362
IT_314382,6741
IT_314384,11816
IT_314389,9180
IT_314399,4743
IT_314435,6069
IT_314440,6992
IT_314444,2858
IT_314453,9012
IT_314458,2748
IT_314488,8882
IT_314490,8757
IT_314492,10696
IT_314509,4684
IT_314536,6081
IT_314539,3917
IT_314548,6249
IT_314551,5864
IT_314565,7553
IT_314594,9888
IT_314596,2070
IT_314600,11156
IT_314606,8617
IT_314617,5343
IT_314621,5451
IT_314646,6314
IT_314649,6200
IT_314656,6120
IT_314664,3373
IT_314693,10426
IT_314695,8810
IT_314698,11178
IT_314699,7950
IT_314701,11756
IT_314711,4731
IT_314713,5375
IT_314718,6011
IT_314719,5435
IT_314739,5432
IT_314741,6145
IT_314743,6089
IT_314754,6316
IT_314757,5817
IT_314822,9137
IT_314849,9366
IT_314858,9403
IT_314879,5438
IT_314886,6514
IT_314912,5960
IT_314968,9048
IT_314970,9932
IT_314979,9321
IT_314994,5441
IT_315012,5431
IT_315017,5122
IT_315025,6265
IT_315040,8964
IT_315065,10633
IT_315069,9442
IT_315073,11588
IT_315075,9024
IT_315083,14566
IT_315088,4675
IT_315095,5451
IT_315097,6086
IT_315102,6241
IT_315116,5438
IT_315133,5554
IT_315138,9346
IT_315139,8630
IT_315144,9208
IT_315181,8994
IT_315186,11751
IT_315206,6519
IT_315207,5419
IT_315219,4987
IT_315246,5524
IT_315307,5437
IT_315313,6365
IT_315314,5429
IT_315322,6845
IT_315386,11312
IT_315391,5309
IT_315398,4696
IT_315404,5462
IT_315409,6720
IT_315413,5239
IT_315424,6142
IT_315427,5126
IT_315430,6391
IT_315436,7209
IT_315437,5429
IT_315459,10352
IT_315461,9012
IT_315473,6167
IT_315476,5414
IT_315478,6186
IT_315506,15628
IT_315519,9013
IT_315520,12392
IT_315526,9203
IT_315539,4684
IT_315548,6110
IT_315554,7095
IT_315559,4979
IT_315560,6198
IT_315570,5827
IT_315579,6496
IT_315588,9501
IT_315589,9091
IT_315590,7565
IT_315602,4805
IT_315634,5842
IT_315635,9587
IT_315642,9862
IT_315653,4715
IT_315660,5444
IT_315667,6972
IT_315680,6124
IT_315687,6389
IT_315690,6374
IT_315736,10549
IT_315754,10376
IT_315757,13978
IT_315772,6660
IT_315773,5462
IT_315780,6895
IT_315785,6066
IT_315797,6374
IT_315798,5674
IT_315804,6385
IT_315806,6525
IT_315816,9306
IT_315855,10146
IT_315857,100975
IT_315859,10722
IT_315865,11788
IT_315872,4629
IT_315878,6288
IT_315890,6236
IT_315908,6307
IT_315912,6528
IT_315938,9861
IT_315945,13849
IT_315962,9221
IT_315963,5452
IT_315971,11435
IT_315983,5436
IT_315989,5476
IT_315998,6599
IT_316012,6111
IT_316024,6384
IT_316031,5805
IT_316039,9460
IT_316041,7105
IT_316080,11238
IT_316084,8980
IT_316086,8184
IT_316094,10246
IT_316106,6594
IT_316107,6290
IT_316108,5390
IT_316135,6012
IT_316139,5525
IT_316145,6316
IT_316149,5616
IT_316172,10405
IT_316176,5429
IT_316184,6865
IT_316197,6586
IT_316219,8441
IT_316240,8570
IT_316263,6268
IT_316272,5301
IT_316302,6909
IT_316305,5883
IT_316314,7328
IT_316358,8190
IT_316363,4718
IT_316365,5886
IT_316374,6884
IT_316380,4730
IT_316389,6083
IT_316398,5548
IT_316404,6489
IT_316408,5564
IT_316422,9321
IT_316442,14568
IT_316445,9756
IT_316452,9854
IT_316457,6851
IT_316464,8967
IT_316475,6358
IT_316476,5537
IT_316483,7089
IT_316504,6282
IT_316512,6737
IT_316518,3957
IT_316558,8756
IT_316562,10972
IT_316568,8181
IT_316583,6544
IT_316590,7317
IT_316603,6120
IT_316613,5484
IT_316615,6346
IT_316620,6334
IT_316664,9508
IT_316670,8562
IT_316673,5524
IT_316676,6819
IT_316677,5448
IT_316682,6624
IT_316699,5412
IT_316706,5737
IT_316709,5538
IT_316711,5773
IT_316715,6535
IT_316750,14392
IT_316756,10060
IT_316769,5404
IT_316775,5435
IT_316783,5351
IT_316792,5430
IT_316794,6174
IT_316801,5534
IT_316831,5524
IT_316845,5436
IT_316855,5567
IT_316869,8461
IT_316888,15795
IT_316902,8380
IT_316908,10111
IT_316909,4724
IT_316910,5433
IT_316943,5551
IT_316948,6357
IT_316953,5614
IT_316957,3486
IT_316961,7496
IT_317007,9849
IT_317013,8426
IT_317028,5455
IT_317052,5884
IT_317062,6463
IT_317091,7177
IT_317122,11450
IT_317130,9105
IT_317138,7205
IT_317139,4599
IT_317145,7037
IT_317146,5508
IT_317175,5469
IT_317180,6339
IT_317188,4536
IT_317207,7164
IT_317233,10203
IT_317251,5434
IT_317255,6500
IT_317256,6326
IT_317257,5505
IT_317275,5429
IT_317276,6135
IT_317279,5092
IT_317289,6512
IT_317293,5580
IT_317336,9790
IT_317361,5521
IT_317379,5405
IT_317393,6897
IT_317403,9922
IT_317404,9293
IT_317405,7619
IT_317447,4900
IT_317455,5518
IT_317488,6454
IT_317516,5680
IT_317533,5435
IT_317538,5950
IT_317543,5556
IT_317576,8794
IT_317580,2094
IT_317586,9690
IT_317594,8645
IT_317602,5530
IT_317622,6090
IT_317624,6198
IT_317626,5526
IT_317631,6393
IT_317680,10499
IT_317688,8293
IT_317700,5456
IT_317730,6312
IT_317765,11959
IT_317776,12171
IT_317785,10584
IT_317790,10166
IT_317808,5503
IT_317816,5622
IT_317827,5413
IT_317833,6118
IT_317835,5515
IT_317839,6332
IT_317845,5977
IT_317864,7072
IT_317879,10770
IT_317891,11541
IT_317907,4720
IT_317909,5712
IT_317914,5474
IT_317932,5429
IT_317939,8463
IT_317948,6601
IT_317952,5597
IT_317983,13533
IT_317998,14383
IT_318002,9621
IT_318017,4676
IT_318024,5443
IT_318045,5427
IT_318050,5426
IT_318055,5515
IT_318056,5665
IT_318060,6383
IT_318064,5814
IT_318069,3299
IT_318109,8828
IT_318110,6810
IT_318113,8623
IT_318125,5476
IT_318145,5428
IT_318155,5160
IT_318156,5543
IT_318160,6734
IT_318164,5582
IT_318165,5676
IT_318181,9795
IT_318190,5630
IT_318214,9509
IT_318230,8760
IT_318232,8958
IT_318233,2004
IT_318240,8843
IT_318249,6794
IT_318250,5457
IT_318262,4827
IT_318267,5238
IT_318273,6066
IT_318275,5536
IT_318280,5905
IT_318286,3610
IT_318325,8992
IT_318330,131
IT_318333,11011
IT_318350,6452
IT_318363,5620
IT_318377,5606
IT_318384,5909
IT_318385,5637
IT_318389,6870
IT_318404,6925
IT_318421,8753
IT_318438,8436
IT_318455,6198
IT_318458,6726
IT_318464,5368
IT_318468,5227
IT_318470,5682
IT_318476,5471
IT_318489,6593
IT_318498,10055
IT_318499,9431
IT_318526,10987
IT_318549,9494
IT_318562,6077
IT_318567,5497
IT_318603,5599
IT_318649,10208
IT_318667,6059
IT_318670,5444
IT_318679,5648
IT_318690,5434
IT_318698,5552
IT_318700,5692
IT_318732,13300
IT_318736,14241
IT_318756,9804
IT_318763,9655
IT_318771,4723
IT_318773,5566
IT_318777,5570
IT_318786,5689
IT_318797,5471
IT_318800,6986
IT_318811,6513
IT_318836,9085
IT_318839,8124
IT_318840,8523
IT_318859,6100
IT_318861,6034
IT_318883,5803
IT_318894,8498
IT_318907,9466
IT_318920,6895
IT_318934,5005
IT_318945,5909
IT_318963,10071
IT_318989,6621
IT_318995,8869
IT_319013,7782
IT_319015,12613
IT_319034,5678
IT_319045,5701
IT_319051,5476
IT_319062,5498
IT_319067,6659
IT_319120,9508
IT_319125,8117
IT_319139,4640
IT_319141,5742
IT_319149,5295
IT_319153,5690
IT_319173,7109
IT_319177,5818
IT_319183,7019
IT_319213,9507
IT_319218,4578
IT_319219,8145
IT_319220,7843
IT_319229,10203
IT_319241,8948
IT_319243,4723
IT_319249,6802
IT_319290,7804
IT_319292,9470
IT_319330,114355
IT_319345,9270
IT_319350,8496
IT_319364,6066
IT_319379,5582
IT_319393,6759
IT_319395,5306
IT_319400,5375
IT_319409,5931
IT_319436,15242
IT_319444,4253
IT_319452,10327
IT_319472,5629
IT_319476,6200
IT_319496,5684
IT_319497,5680
IT_319519,6208
IT_319531,5641
IT_319533,5086
IT_319534,6298
IT_319537,6224
IT_319562,7407
IT_319563,8454
IT_319575,8151
IT_319582,3324
IT_319594,10066
IT_319633,6993
IT_319648,5725
IT_319656,7044
IT_319676,8145
IT_319703,11458
IT_319719,4706
IT_319720,6099
IT_319725,6971
IT_319743,6261
IT_319745,6792
IT_319749,6305
IT_319750,6272
IT_319753,5930
IT_319758,5928
IT_319774,9202
IT_319807,9706
IT_319808,8473
IT_319814,3197
IT_319823,8581
IT_319837,6139
IT_319839,6962
IT_319853,5712
IT_319859,5727
IT_319861,5681
IT_319864,5302
IT_319866,6812
IT_319870,5541
IT_319874,6629
IT_319929,1990
IT_319944,9633
IT_319955,4740
IT_319957,6123
IT_319962,6926
IT_319977,6252
IT_320001,6811
IT_320008,6259
IT_320009,1105
IT_320039,4033
IT_320041,10157
IT_320048,16247
IT_320060,5963
IT_320062,6058
IT_320068,11131
IT_320083,6735
IT_320094,5707
IT_320098,6298
IT_320112,5502
IT_320118,5561
IT_320146,8812
IT_320179,9541
IT_320181,9222
IT_320193,10212
IT_320203,6165
IT_320207,6751
IT_320208,5701
IT_320219,4989
IT_320236,5866
IT_320241,6526
IT_320250,7001
IT_320267,7517
IT_320268,11807
IT_320277,6115
IT_320279,6416
IT_320290,5585
IT_320301,5949
IT_320318,9857
IT_320334,2032
IT_320352,2481
IT_320355,7666
IT_320359,9673
IT_320373,6967
IT_320374,5807
IT_320380,5507
IT_320387,6204
IT_320393,6277
IT_320394,5398
IT_320396,6054
IT_320398,5752
IT_320401,5606
IT_320403,5516
IT_320407,6918
IT_320410,5920
IT_320418,9163
IT_320463,10112
IT_320469,8277
IT_320487,8845
IT_320512,5758
IT_320518,5597
IT_320522,6787
IT_320529,5708
IT_320534,7138
IT_320537,5923
IT_320544,9168
IT_320555,8626
IT_320567,8530
IT_320579,9769
IT_320583,11416
IT_320586,11800
IT_320594,11166
IT_320604,9869
IT_320606,8853
IT_320616,4670
IT_320629,5730
IT_320638,5623
IT_320642,5431
IT_320646,5576
IT_320690,1901
IT_320699,2250
IT_320719,1815
IT_320728,9742
IT_320732,9278
IT_320744,6231
IT_320750,5717
IT_320756,5422
IT_320762,4809
IT_320769,5622
IT_320773,4342
IT_320775,7170
IT_320779,5558
IT_320787,5482
IT_320818,10034
IT_320842,8592
IT_320848,1594
IT_320860,9561
IT_320863,8812
IT_320872,4707
IT_320879,5788
IT_320895,5543
IT_320908,5712
IT_320911,6226
IT_320917,8344
IT_320919,10467
IT_320927,14050
IT_320952,13947
IT_320961,8949
IT_320967,1564
IT_320971,4699
IT_320980,9076
IT_320989,4655
IT_320991,5808
IT_320996,5748
IT_321010,6228
IT_321031,5302
IT_321068,6302
IT_321087,5592
IT_321088,5669
IT_321093,11151
IT_321128,2198
IT_321129,7175
IT_321134,7938
IT_321147,8831
IT_321159,4760
IT_321160,5947
IT_321166,5569
IT_321186,6266
IT_321202,1399
IT_321203,9584
IT_321204,8954
IT_321226,9078
IT_321237,906
IT_321240,2146
IT_321247,9203
IT_321265,4953
IT_321274,5586
IT_321277,5297
IT_321282,7331
IT_321326,11132
IT_321334,5467
IT_321343,10041
IT_321360,5492
IT_321364,5450
IT_321367,5691
IT_321368,4842
IT_321374,5553
IT_321375,6637
IT_321378,6409
IT_321384,5808
IT_321395,14947
IT_321425,105226
IT_321431,9320
IT_321439,1234
IT_321442,4527
IT_321444,7521
IT_321459,6088
IT_321465,5687
IT_321476,4978
IT_321488,5576
IT_321492,6923
IT_321494,5785
IT_321501,8680
IT_321505,15625
IT_321513,13061
IT_321563,5309
IT_321566,5838
IT_321571,6560
IT_321578,10073
IT_321582,8938
IT_321590,8788
IT_321593,4916
IT_321614,5909
IT_321616,6086
IT_321621,5689
IT_321627,5662
IT_321637,8439
IT_321675,3199
IT_321705,9438
IT_321710,8468
IT_321716,9113
IT_321726,4765
IT_321732,6691
IT_321742,5805
IT_321743,5886
IT_321745,6209
IT_321752,5891
IT_321759,5555
IT_321763,5085
IT_321773,2050
IT_321804,5784
IT_321810,9342
IT_321811,8107
IT_321817,5856
IT_321824,6284
IT_321825,5401
IT_321826,5882
IT_321834,5687
IT_321842,1689
IT_321843,5920
IT_321848,5531
IT_321860,5836
IT_321887,1400
IT_321888,6359
IT_321904,11139
IT_321905,9271
IT_321922,6844
IT_321923,5702
IT_321933,5670
IT_321953,5657
IT_321955,5737
IT_321965,9763
IT_321966,6375
IT_322027,1716
IT_322031,5219
IT_322049,8702
IT_322063,4755
IT_322069,5748
IT_322082,5308
IT_322085,5927
IT_322087,6538
IT_322097,5417
IT_322098,5853
IT_322099,5724
IT_322108,8682
IT_322136,7863
IT_322174,2988
IT_322187,6994
IT_322193,9814
IT_322198,5345
IT_322210,4732
IT_322227,6186
IT_322233,5905
IT_322243,5250
IT_322244,5705
IT_322341,3528
IT_322345,9774
IT_322369,6046
IT_322382,6237
IT_322389,6071
IT_322391,5673
IT_322395,5563
IT_322397,5477
IT_322401,5366
IT_322412,2829
IT_322419,9006
IT_322423,6460
IT_322464,5306
IT_322466,4230
IT_322509,5652
IT_322531,5931
IT_322545,6265
IT_322550,5551
IT_322552,5857
IT_322563,5676
IT_322565,5339
IT_322568,5964
IT_322578,2946
IT_322636,1130
IT_322641,4915
IT_322649,8951
IT_322658,8827
IT_322692,5855
IT_322693,6680
IT_322694,5349
IT_322695,6057
IT_322698,5477
IT_322705,5720
IT_322713,4823
IT_322747,4852
IT_322754,11156
IT_322791,6526
IT_322829,24090
IT_322879,8938
IT_322898,5520
IT_322908,5519
IT_322925,5626
IT_322927,5671
IT_322931,6243
IT_322986,7634
IT_323004,1164
IT_323044,5268
IT_323047,6532
IT_323078,5208
IT_323080,5646
IT_323088,4258
IT_323161,956
IT_323181,3626
IT_323209,5558
IT_323221,6176
IT_323229,6305
IT_323240,5265
IT_323243,5279
IT_323252,1689
IT_323253,2786
IT_323260,7010
IT_323267,2225
IT_323350,6988
IT_323351,4121
IT_323363,8294
IT_323372,5232
IT_323390,5959
IT_323393,5305
IT_323398,5286
IT_323407,5270
IT_323409,4540
IT_323410,5836
IT_323419,4031
IT_323429,911
IT_323450,7564
IT_323480,8455
IT_323496,4559
IT_323504,5435
IT_323574,1688
IT_323577,10421
IT_323593,3240
IT_323599,9575
IT_323634,5512
IT_323636,5858
IT_323638,6364
IT_323644,5569
IT_323663,6525
IT_323667,1177
IT_323729,5828
IT_323730,6096
IT_323736,4837
IT_323737,5801
IT_323741,2103
IT_323745,5908
IT_323751,1424
IT_323772,7497
IT_323828,9098
IT_323844,5735
IT_323845,6080
IT_323847,5340
IT_323857,5812
IT_323859,6246
IT_323861,5945
IT_323869,5243
IT_323870,4843
IT_323888,1371
IT_323908,5745
IT_323960,11322
IT_323961,4904
IT_323973,3305
IT_323986,6608
IT_323987,6187
IT_323997,4573
IT_324000,5858
IT_324046,1768
IT_324057,1005
IT_324098,5110
IT_324143,8058
IT_324163,4574
IT_324168,3377
IT_324171,6039
IT_324188,5901
IT_324197,4720
IT_324207,3512
IT_324217,5977
IT_324220,882
IT_324261,5658
IT_324310,2776
IT_324318,5125
IT_324338,5435
IT_324367,3234
IT_324369,4695
IT_324370,5832
IT_324393,1100
IT_324432,5776
IT_324434,3614
IT_324467,3109
IT_324482,3377
IT_324498,3870
IT_324515,5650
IT_324529,5126
IT_324550,5389
IT_324558,5778
IT_324576,976
IT_324639,970
IT_324641,6680
IT_324706,5832
IT_324730,2041
IT_324737,7016
IT_324744,1357
IT_324805,5954
IT_324806,5850
IT_324812,4691
IT_324817,3010
IT_324910,2576
IT_324937,4735
IT_324940,5578
IT_324941,3425
IT_324946,5276
IT_324956,5999
IT_324959,5658
IT_324961,5805
IT_325038,1167
IT_325039,2254
IT_325067,1131
IT_325092,3790
IT_325106,3552
IT_325119,4712
IT_325122,5753
IT_325123,3558
IT_325131,4382
IT_325162,4801
IT_325163,5806
IT_325187,1229
IT_325214,8215
IT_325227,2761
IT_325236,1315
IT_325237,2540
IT_325262,1087
IT_325319,5342
IT_325331,5925
IT_325338,5574
IT_325350,4253
IT_325379,971
IT_325463,2907
IT_325488,4579
IT_325489,4662
IT_325493,5261
IT_325494,4463
IT_325495,5333
IT_325506,5923
IT_325530,5795
IT_325543,6048
IT_325552,1118
IT_325619,1198
IT_325628,2965
IT_325666,4659
IT_325674,5231
IT_325675,4264
IT_325676,5352
IT_325693,5219
IT_325705,5401
IT_325726,1300
IT_325734,1121
IT_325735,1179
IT_325802,2748
IT_325822,4646
IT_325827,4430
IT_325843,5850
IT_325848,5059
IT_325908,5215
IT_325909,5831
IT_325922,2783
IT_326027,4427
IT_326033,6460
IT_326051,5416
IT_326086,2030
IT_326106,1127
IT_326155,3387
IT_326165,16279
IT_326168,3769
IT_326174,1308
IT_326227,5173
IT_326228,5305
IT_326230,6082
IT_326231,5403
IT_326232,5296
IT_326244,5185
IT_326247,5806
IT_326249,5447
IT_326261,4160
IT_326262,4483
IT_326289,1539
IT_326361,1337
IT_326388,2923
IT_326418,4065
IT_326437,5215
IT_326440,5793
IT_326447,5285
IT_326452,4108
IT_326460,1744
IT_326467,1663
IT_326577,6412
IT_326581,2834
IT_326582,4008
IT_326615,4275
IT_326621,5044
IT_326631,5031
IT_326641,5625
IT_326668,2549
IT_326681,1395
IT_326688,3345
IT_326755,2499
IT_326765,4531
IT_326786,3378
IT_326802,3851
IT_326826,5330
IT_326844,5801
IT_326846,4731
IT_326852,5282
IT_326920,1069
IT_326956,2924
IT_326975,5082
IT_326982,6769
IT_326997,4590
IT_327004,4496
IT_327010,4418
IT_327011,5069
IT_327012,5120
IT_327031,5363
IT_327033,5836
IT_327040,5283
IT_327046,5872
IT_327062,1238
IT_327123,5268
IT_327131,5785
IT_327133,3730
IT_327138,4610
IT_327213,3215
IT_327240,3270
IT_327270,4367
IT_327272,5078
IT_327276,4021
IT_327282,5054
IT_327309,1853
IT_327310,683
IT_327323,1546
IT_327337,2571
IT_327398,3881
IT_327417,2809
IT_327452,4875
IT_327458,4039
IT_327479,5198
IT_327487,5801
IT_327492,1713
IT_327511,1073
IT_327521,3234
IT_327522,3710
IT_327535,1809
IT_327546,3429
IT_327581,1500
IT_327591,3693
IT_327622,3011
IT_327671,5419
IT_327674,5220
IT_327697,1497
IT_327710,2790
IT_327715,1735
IT_327742,4180
IT_327770,3517
IT_327795,1030
IT_327804,4403
IT_327890,5148
IT_327990,5331
IT_328020,4447
IT_328087,5062
IT_328088,4220
IT_328108,4959
IT_328109,4968
IT_328112,5822
IT_328117,4404
IT_328119,5094
IT_328125,4411
IT_328244,3100
IT_328267,4143
IT_328275,4198
IT_328277,4476
IT_328286,4302
IT_328292,5760
IT_328293,5442
IT_328304,4354
IT_328384,5656
IT_328388,5253
IT_328395,5869
IT_328396,4153
IT_328534,3890
IT_328551,4813
IT_328561,4499
IT_328566,5253
IT_328580,5821
IT_328585,3811
IT_328592,4471
IT_328594,4215
IT_328606,5645
IT_328667,1554
IT_328668,3694
IT_328744,4478
IT_328748,4467
IT_328771,4054
IT_328773,4309
IT_328785,3888
IT_328789,5820
IT_328791,4285
IT_328794,3756
IT_328815,5991
IT_328879,2923
IT_328881,3920
IT_328882,4072
IT_328922,4516
IT_328984,3144
IT_328986,531
IT_328996,4336
IT_329002,4305
IT_329005,4783
IT_329016,5616
IT_329113,1346
IT_329114,6750
IT_329123,3632
IT_329142,6295
IT_329146,4533
IT_329174,3922
IT_329175,5157
IT_329180,499
IT_329202,3536
IT_329286,2845
IT_329287,5403
IT_329288,4807
IT_329320,3420
IT_329327,3766
IT_329388,879
IT_329390,4719
IT_329403,4110
IT_329419,5782
IT_329421,4255
IT_329425,3839
IT_329435,4159
IT_329437,4333
IT_329509,1734
IT_329511,5582
IT_329520,1832
IT_329521,1360
IT_329612,4510
IT_329620,4271
IT_329626,4066
IT_329633,5191
IT_329640,4976
IT_329643,5597
IT_329647,3803
IT_329658,4825
IT_329676,2582
IT_329725,5290
IT_329753,5023
IT_329757,4267
IT_329770,2097
IT_329834,1408
IT_329841,1641
IT_329842,1355
IT_329843,524
IT_329864,14056
IT_329961,4046
IT_329977,3552
IT_329982,4125
IT_329985,4026
IT_329987,4222
IT_329990,3780
IT_329998,765
IT_330022,3993
IT_330072,1464
IT_330073,1336
IT_330074,540
IT_330099,13344
IT_330103,2618
IT_330107,5111
IT_330120,4290
IT_330183,5036
IT_330185,3871
IT_330196,5190
IT_330210,3776
IT_330229,4532
IT_330291,6077
IT_330297,1469
IT_330332,3930
IT_330352,4238
IT_330360,5050
IT_330404,5196
IT_330427,1602
IT_330442,3594
IT_330493,1538
IT_330494,2423
IT_330501,1342
IT_330521,2597
IT_330530,3924
IT_330537,7736
IT_330571,3968
IT_330615,4099
IT_330625,4534
IT_330629,4513
IT_330632,4672
IT_330641,5316
IT_330646,4349
IT_330656,5836
IT_330718,1560
IT_330719,1357
IT_330773,4151
IT_330810,5307
IT_330832,5636
IT_330837,3781
IT_330839,4123
IT_330848,4069
IT_330852,4933
IT_330855,6419
IT_330874,1773
IT_330914,2279
IT_330915,4694
IT_330924,530
IT_330951,4486
IT_330977,6003
IT_330987,4300
IT_331013,993
IT_331021,4040
IT_331023,4310
IT_331032,4282
IT_331053,3985
IT_331103,4031
IT_331128,5071
IT_331133,5248
IT_331141,5605
IT_331170,3648
IT_331189,2152
IT_331208,1490
IT_331210,545
IT_331242,4558
IT_331306,4450
IT_331307,4260
IT_331327,4062
IT_331333,4475
IT_331342,5429
IT_331363,1815
IT_331413,3943
IT_331420,1733
IT_331426,5088
IT_331457,3094
IT_331475,4099
IT_331514,4169
IT_331518,4087
IT_331526,4872
IT_331531,5313
IT_331538,4461
IT_331672,4108
IT_331687,4583
IT_331702,4656
IT_331710,5239
IT_331713,4368
IT_331723,3863
IT_331725,3693
IT_331726,5194
IT_331730,3801
IT_331755,1689
IT_331780,2279
IT_331816,4520
IT_331874,5216
IT_331877,4246
IT_331883,4676
IT_331886,4597
IT_331899,2690
IT_331902,2172
IT_331970,2845
IT_331973,5649
IT_331987,3995
IT_332017,5200
IT_332020,4188
IT_332024,4350
IT_332027,4073
IT_332031,4629
IT_332045,3897
IT_332057,4711
IT_332065,1359
IT_332128,1649
IT_332171,5442
IT_332207,5165
IT_332237,3809
IT_332243,3711
IT_332244,4655
IT_332266,1247
IT_332307,3875
IT_332370,1361
IT_332453,5652
IT_332485,3886
IT_332497,4545
IT_332500,3824
IT_332585,5491
IT_332588,4226
IT_332608,4206
IT_332612,3520
IT_332640,4532
IT_332647,4313
IT_332653,4038
IT_332656,4608
IT_332662,4609
IT_332665,5715
IT_332673,4200
IT_332706,3287
IT_332777,4361
IT_332834,4549
IT_332844,5247
IT_332865,4328
IT_332946,3730
IT_332968,988
IT_333018,2513
IT_333040,4337
IT_333045,5265
IT_333088,5730
IT_333179,3012
IT_333180,4765
IT_333196,3797
IT_333249,4518
IT_333250,5035
IT_333268,4252
IT_333280,4644
IT_333284,3813
IT_333290,3495
IT_333292,4292
IT_333298,4705
IT_333330,3537
IT_333417,4639
IT_333456,5092
IT_333461,4252
IT_333490,4115
IT_333570,6469
IT_333599,4160
IT_333646,1762
IT_333676,4850
IT_333685,1889
IT_333686,1425
IT_333689,3860
IT_333690,4543
IT_333758,5208
IT_333778,4572
IT_333785,4446
IT_333795,4204
IT_333818,4136
IT_333832,2475
IT_333868,546
IT_333889,1794
IT_333901,3834
IT_333902,4332
IT_333993,4149
IT_333998,4959
IT_333999,5248
IT_334003,4327
IT_334011,4915
IT_334018,3630
IT_334020,4395
IT_334082,194083
IT_334099,419
IT_334101,4169
IT_334125,4390
IT_334138,5334
IT_334194,3853
IT_334199,5223
IT_334212,4892
IT_334218,3416
IT_334232,1531
IT_334235,2309
IT_334251,3374
IT_334289,1767
IT_334290,5312
IT_334302,405
IT_334305,3499
IT_334357,4413
IT_334384,4502
IT_334390,3973
IT_334396,3911
IT_334415,4430
IT_334420,4452
IT_334430,2887
IT_334445,1470
IT_334472,1546
IT_334516,1306
IT_334517,418
IT_334519,3719
IT_334539,3888
IT_334542,9128
IT_334547,2392
IT_334615,4203
IT_334642,3367
IT_334646,4565
IT_334651,2792
IT_334653,4679
IT_334654,5348
IT_334661,3343
IT_334667,2122
IT_334678,3888
IT_334737,3842
IT_334796,4305
IT_334826,5167
IT_334833,4165
IT_334836,5157
IT_334853,5629
IT_334854,4299
IT_334857,3753
IT_334861,4858
IT_334867,3957
IT_334961,4877
IT_334966,4826
IT_334967,5376
IT_334984,1641
IT_334992,1227
IT_335161,4550
IT_335163,4730
IT_335164,3683
IT_335170,840
IT_335204,3448
IT_335259,1524
IT_335276,3585
IT_335307,3922
IT_335383,5232
IT_335393,4814
IT_335395,4344
IT_335399,3452
IT_335402,4558
IT_335407,4128
IT_335409,5273
IT_335433,1577
IT_335486,3387
IT_335492,1740
IT_335514,4556
IT_335583,4629
IT_335598,3306
IT_335604,2891
IT_335610,4017
IT_335626,1932
IT_335666,3854
IT_335733,4203
IT_335734,5250
IT_335737,4767
IT_335742,5075
IT_335748,3484
IT_335768,1835
IT_335791,3525
IT_335801,3803
IT_335854,4061
IT_335891,518
IT_335912,3646
IT_335921,381
IT_335924,3803
IT_335986,4586
IT_335998,4487
IT_335999,5167
IT_336002,4384
IT_336003,4311
IT_336019,3525
IT_336064,4086
IT_336074,4118
IT_336106,4068
IT_336112,5834
IT_336125,1866
IT_336150,4513
IT_336178,4511
IT_336183,2303
IT_336184,381
IT_336246,4024
IT_336278,3932
IT_336291,5301
IT_336298,5760
IT_336302,3393
IT_336311,3845
IT_336313,4879
IT_336327,6648
IT_336338,1443
IT_336339,3583
IT_336384,4381
IT_336394,2292
IT_336395,401
IT_336401,4575
IT_336413,850
IT_336415,1007
IT_336421,1044
IT_336425,8657
IT_336431,3530
IT_336477,5205
IT_336479,3874
IT_336485,4461
IT_336499,3792
IT_336507,3258
IT_336535,3175
IT_336540,1516
IT_336620,1989
IT_336624,550
IT_336643,3029
IT_336696,5215
IT_336701,5276
IT_336712,4820
IT_336715,4398
IT_336728,3406
IT_336729,4966
IT_336739,2469
IT_336799,4087
IT_336811,396
IT_336846,4507
IT_336908,4694
IT_336916,4489
IT_336922,4656
IT_336926,3729
IT_336936,5438
IT_336945,2142
IT_336956,1601
IT_336991,3977
IT_337002,389
IT_337023,764
IT_337024,3566
IT_337082,5224
IT_337088,4377
IT_337094,4814
IT_337109,3309
IT_337132,5162
IT_337160,1205
IT_337185,401
IT_337202,4296
IT_337212,794
IT_337213,3421
IT_337280,5671
IT_337283,5179
IT_337284,3469
IT_337287,4416
IT_337384,1540
IT_337392,4020
IT_337393,4178
IT_337407,3567
IT_337474,3422
IT_337506,5751
IT_337524,5296
IT_337540,5650
IT_337598,1872
IT_337630,3996
IT_337653,3108
IT_337679,4237
IT_337711,5479
IT_337712,4732
IT_337715,5686
IT_337721,3995
IT_337789,417
IT_337807,3096
IT_337870,5251
IT_337876,5383
IT_337880,5051
IT_337884,5714
IT_337887,3311
IT_337891,4488
IT_337983,877
IT_338040,4551
IT_338045,5084
IT_338048,4661
IT_338066,5012
IT_338067,3311
IT_338070,4438
IT_338079,3623
IT_338169,995
IT_338178,3405
IT_338183,3513
IT_338224,4353
IT_338238,4855
IT_338241,5662
IT_338244,5218
IT_338245,3338
IT_338248,4506
IT_338255,4656
IT_338351,998
IT_338361,4640
IT_338393,4582
IT_338410,5221
IT_338427,4979
IT_338439,3620
IT_338443,4645
IT_338460,1644
IT_338461,5305
IT_338467,2949
IT_338504,4443
IT_338546,3281
IT_338557,2044
IT_338566,1729
IT_338589,5793
IT_338638,716
IT_338689,4475
IT_338711,4539
IT_338715,4604
IT_338720,4762
IT_338733,3428
IT_338737,4542
IT_338742,3974
IT_338746,4644
IT_338766,1767
IT_338825,482
IT_338836,6627
IT_338850,9535
IT_338855,4268
IT_338902,5299
IT_338905,4950
IT_338921,4739
IT_338924,4473
IT_338927,3791
IT_338931,4107
IT_339016,428
IT_339025,6639
IT_339044,4978
IT_339087,4581
IT_339111,4356
IT_339120,34354
IT_339134,3740
IT_339138,4392
IT_339141,4072
IT_339146,5350
IT_339175,8265
IT_339257,5729
IT_339265,4722
IT_339303,4582
IT_339340,5034
IT_339347,4972
IT_339348,3468
IT_339352,4170
IT_339357,3176
IT_339390,3156
IT_339408,2182
IT_339452,4320
IT_339470,4720
IT_339527,3999
IT_339553,3672
IT_339559,4874
IT_339562,3348
IT_339564,3389
IT_339566,4638
IT_339643,411
IT_339668,1010
IT_339676,4611
IT_339726,4062
IT_339730,4285
IT_339738,4953
IT_339748,3629
IT_339750,3921
IT_339752,4645
IT_339813,4417
IT_339848,4365
IT_339861,2137
IT_339889,3732
IT_339933,5244
IT_339937,1474
IT_339942,569
IT_339943,3089
IT_340014,4829
IT_340026,3646
IT_340028,3840
IT_340030,4493
IT_340055,4179
IT_340129,4865
IT_340140,786
IT_340187,4502
IT_340203,5544
IT_340230,5057
IT_340231,3666
IT_340234,4295
IT_340237,4179
IT_340239,3576
IT_340243,5442
IT_340248,3481
IT_340265,1988
IT_340332,4461
IT_340357,783
IT_340362,6767
IT_340387,15109
IT_340447,5461
IT_340455,3463
IT_340462,3410
IT_340471,3653
IT_340514,2086
IT_340561,4506
IT_340578,8610
IT_340615,5247
IT_340625,4576
IT_340636,9038
IT_340652,4017
IT_340675,5098
IT_340676,3811
IT_340680,4124
IT_340689,5417
IT_340721,1729
IT_340722,1401
IT_340736,1478
IT_340783,5386
IT_340789,765
IT_340799,3275
IT_340826,1654
IT_340831,4577
IT_340853,3931
IT_340858,5246
IT_340860,4362
IT_340862,4873
IT_340870,4802
IT_340887,3991
IT_340889,3626
IT_340921,3317
IT_340970,4913
IT_340985,459
IT_340996,4622
IT_341044,4078
IT_341065,4488
IT_341070,3558
IT_341074,5554
IT_341079,3694
IT_341080,4278
IT_341142,3958
IT_341172,5459
IT_341179,4415
IT_341202,3332
IT_341217,2394
IT_341317,4414
IT_341327,5446
IT_341339,3613
IT_341346,3470
IT_341442,781
IT_341488,4487
IT_341500,5152
IT_341507,4508
IT_341517,5502
IT_341519,5262
IT_341521,4804
IT_341522,3722
IT_341525,4450
IT_341531,4888
IT_341537,3983
IT_341541,5409
IT_341542,4633
IT_341595,2698
IT_341643,609
IT_341653,2823
IT_341672,4102
IT_341686,4418
IT_341734,3750
IT_341743,3427
IT_341746,5441
IT_341747,4631
IT_341838,727
IT_341841,8430
IT_341847,4857
IT_341878,4572
IT_341909,5506
IT_341915,5112
IT_341924,4169
IT_341926,3925
IT_341927,5273
IT_341928,4346
IT_341934,3880
IT_341935,4005
IT_341937,5447
IT_341943,4890
IT_341983,1854
IT_342026,4540
IT_342097,4543
IT_342099,3913
IT_342115,5424
IT_342131,4516
IT_342135,3943
IT_342136,3766
IT_342144,4897
IT_342287,5514
IT_342290,4031
IT_342299,5504
IT_342314,4931
IT_342316,3939
IT_342324,437
IT_342325,3593
IT_342335,4735
IT_342367,5433
IT_342388,4166
IT_342425,3111
IT_342429,13910
IT_342472,791
IT_342503,4612
IT_342509,4569
IT_342522,4888
IT_342525,5423
IT_342535,1199
IT_342542,5426
IT_342552,4598
IT_342553,4125
IT_342556,3912
IT_342559,5436
IT_342601,2181
IT_342650,491
IT_342651,4357
IT_342656,5498
IT_342663,3522
IT_342707,5362
IT_342711,4199
IT_342723,5469
IT_342731,5594
IT_342733,4514
IT_342737,3722
IT_342739,4569
IT_342740,4518
IT_342744,3849
IT_342745,4060
IT_342750,4432
IT_342826,4155
IT_342899,4216
IT_342901,4608
IT_342925,4923
IT_342926,3574
IT_342932,4050
IT_342935,4036
IT_342946,1455
IT_343027,4968
IT_343032,525
IT_343038,4491
IT_343098,4334
IT_343114,5185
IT_343126,4166
IT_343127,4314
IT_343132,3903
IT_343137,5444
IT_343141,4807
IT_343156,5604
IT_343191,2565
IT_343216,7635
IT_343237,3290
IT_343278,5365
IT_343312,3834
IT_343315,4420
IT_343323,5763
IT_343325,3961
IT_343334,2586
IT_343371,2602
IT_343402,4931
IT_343463,496
IT_343477,5120
IT_343491,3867
IT_343498,4030
IT_343501,5442
IT_343553,5718
IT_343571,4086
IT_343584,4127
IT_343588,4050
IT_343591,3943
IT_343593,4895
IT_343629,2783
IT_343657,5749
IT_343670,804
IT_343680,561
IT_343705,4566
IT_343717,5107
IT_343729,5221
IT_343736,5489
IT_343746,4554
IT_343749,3670
IT_343757,3980
IT_343762,4186
IT_343765,3144
IT_343807,2762
IT_343839,7188
IT_343854,596
IT_343890,4546
IT_343928,5727
IT_343933,5021
IT_343934,3865
IT_343936,3845
IT_343938,4208
IT_343997,3239
IT_344090,5267
IT_344095,4207
IT_344097,4173
IT_344107,5495
IT_344110,5466
IT_344121,3522
IT_344130,4199
IT_344133,5438
IT_344135,4376
IT_344138,4974
IT_344152,3416
IT_344216,8824
IT_344231,666
IT_344271,4563
IT_344286,4845
IT_344291,4288
IT_344292,5953
IT_344316,4556
IT_344320,4310
IT_344321,4470
IT_344327,4447
IT_344330,3880
IT_344421,9712
IT_344467,12540
IT_344471,4456
IT_344474,7134
IT_344495,4159
IT_344508,5620
IT_344518,2954
IT_344522,4088
IT_344526,4422
IT_344529,3743
IT_344536,4965
IT_344574,5792
IT_344609,4961
IT_344613,4817
IT_344660,4078
IT_344684,4333
IT_344685,4149
IT_344693,4567
IT_344764,5168
IT_344773,4858
IT_344783,4538
IT_344788,5445
IT_344821,12487
IT_344845,13551
IT_344887,7469
IT_344891,4566
IT_344908,4183
IT_344936,4614
IT_344937,4430
IT_344944,4659
IT_344983,3176
IT_344985,5123
IT_345071,4559
IT_345098,4629
IT_345108,4881
IT_345117,4084
IT_345120,4804
IT_345125,4031
IT_345129,5443
IT_345301,4877
IT_345304,3182
IT_345307,4980
IT_345308,3786
IT_345317,4101
IT_345319,4812
IT_345350,3268
IT_345366,2357
IT_345394,9373
IT_345412,1632
IT_345451,6666
IT_345452,4560
IT_345475,4755
IT_345485,4878
IT_345488,5507
IT_345493,4918
IT_345498,4612
IT_345501,3960
IT_345504,5037
IT_345509,4098
IT_345510,4851
IT_345565,4661
IT_345582,7841
IT_345589,5894
IT_345601,1326
IT_345609,2583
IT_345616,5292
IT_345633,4563
IT_345650,4339
IT_345652,4585
IT_345656,5471
IT_345666,5472
IT_345678,5527
IT_345683,3905
IT_345687,4419
IT_345690,4159
IT_345692,4237
IT_345693,4577
IT_345700,5220
IT_345710,3905
IT_345740,3314
IT_345784,780
IT_345828,4644
IT_345850,5739
IT_345851,3466
IT_345857,5105
IT_345866,5440
IT_345888,2793
IT_345942,4610
IT_345947,5775
IT_345950,3995
IT_345951,4408
IT_345984,2128
IT_345986,3024
IT_346073,5337
IT_346081,4459
IT_346091,4765
IT_346104,3322
IT_346108,3945
IT_346117,4149
IT_346147,3143
IT_346255,5168
IT_346258,4734
IT_346276,5720
IT_346281,4072
IT_346283,4595
IT_346284,5416
IT_346293,5089
IT_346389,5293
IT_346412,4596
IT_346428,5337
IT_346429,3875
IT_346432,4403
IT_346444,5495
IT_346453,5800
IT_346459,4922
IT_346460,4094
IT_346464,4786
IT_346467,4119
IT_346469,3922
IT_346476,4718
IT_346510,2463
IT_346578,5363
IT_346583,5626
IT_346606,4596
IT_346676,6741
IT_346690,6785
IT_346746,4260
IT_346750,5610
IT_346777,4327
IT_346782,4396
IT_346787,3939
IT_346794,4891
IT_346886,4392
IT_346898,4471
IT_346926,4335
IT_346938,4970
IT_346953,4950
IT_346956,4309
IT_346960,4550
IT_346964,3990
IT_346966,4111
IT_346967,4091
IT_346974,4708
IT_346997,1859
IT_347010,4318
IT_347029,5396
IT_347035,5503
IT_347038,5720
IT_347042,4950
IT_347078,2887
IT_347179,5229
IT_347192,5747
IT_347198,5484
IT_347209,5647
IT_347214,5206
IT_347215,4302
IT_347218,4754
IT_347222,4157
IT_347231,4923
IT_347232,4481
IT_347234,2064
IT_347240,6178
IT_347269,4170
IT_347273,2971
IT_347295,2456
IT_347302,7747
IT_347321,5694
IT_347393,4305
IT_347401,4028
IT_347446,5358
IT_347525,5179
IT_347529,5684
IT_347536,4300
IT_347537,4947
IT_347542,5099
IT_347550,5192
IT_347650,770
IT_347700,1541
IT_347704,5260
IT_347705,5235
IT_347715,1687
IT_347724,4289
IT_347726,4146
IT_347730,5635
IT_347732,4190
IT_347741,6196
IT_347760,6495
IT_347845,6877
IT_347849,4589
IT_347864,4197
IT_347866,4938
IT_347870,5525
IT_347893,3513
IT_347898,4117
IT_347906,4362
IT_347918,6175
IT_348028,3955
IT_348031,4690
IT_348042,5497
IT_348062,4985
IT_348065,5496
IT_348067,4133
IT_348082,6206
IT_348084,5264
IT_348123,4858
IT_348150,4068
IT_348156,5437
IT_348157,5241
IT_348162,6170
IT_348242,724
IT_348257,4898
IT_348287,5399
IT_348296,5243
IT_348318,4072
IT_348322,4941
IT_348339,6171
IT_348370,3981
IT_348400,5343
IT_348404,12758
IT_348428,3213
IT_348482,5191
IT_348495,5700
IT_348496,5745
IT_348502,3883
IT_348506,4703
IT_348508,5645
IT_348511,4275
IT_348515,5436
IT_348516,4609
IT_348526,6168
IT_348557,7642
IT_348599,6528
IT_348608,4959
IT_348617,6623
IT_348650,4212
IT_348652,4964
IT_348661,5177
IT_348692,5146
IT_348695,5152
IT_348714,3931
IT_348728,3318
IT_348792,2277
IT_348842,4767
IT_348851,5262
IT_348853,5503
IT_348857,5681
IT_348866,5331
IT_348870,4114
IT_348872,4783
IT_348877,4218
IT_348878,4323
IT_348880,5435
IT_348882,5244
IT_348884,6753
IT_348948,7542
IT_348971,5433
IT_348972,4130
IT_349018,4939
IT_349048,4115
IT_349055,4125
IT_349060,5041
IT_349063,5034
IT_349083,3652
IT_349135,712
IT_349140,5014
IT_349166,5204
IT_349171,4213
IT_349172,4299
IT_349184,5503
IT_349189,5210
IT_349191,3308
IT_349197,4221
IT_349207,5454
IT_349208,4621
IT_349211,5717
IT_349212,5086
IT_349219,4960
IT_349283,5217
IT_349285,5493
IT_349297,4534
IT_349301,4659
IT_349331,2701
IT_349333,2681
IT_349414,4610
IT_349429,4569
IT_349443,5612
IT_349451,5385
IT_349454,5026
IT_349456,5218
IT_349457,4332
IT_349461,5044
IT_349464,4111
IT_349466,4087
IT_349469,5438
IT_349510,4606
IT_349514,2734
IT_349620,5331
IT_349622,3819
IT_349624,4632
IT_349653,4329
IT_349655,4120
IT_349661,4207
IT_349662,4530
IT_349675,5027
IT_349757,6732
IT_349771,1831
IT_349804,5206
IT_349834,5645
IT_349841,4324
IT_349848,4150
IT_349850,4181
IT_349854,5102
IT_349857,4750
IT_349895,2310
IT_349980,4707
IT_349997,4094
IT_349998,4339
IT_350005,5215
IT_350021,3565
IT_350025,4323
IT_350027,4091
IT_350035,5776
IT_350037,5286
IT_350139,835
IT_350183,5234
IT_350190,4491
IT_350197,5790
IT_350202,45889
IT_350203,5160
IT_350204,5509
IT_350216,4940
IT_350225,4173
IT_350228,4631
IT_350229,4938
IT_350234,4385
IT_350235,4628
IT_350239,5290
IT_350246,2743
IT_350361,4670
IT_350379,4897
IT_350397,5648
IT_350410,4169
IT_350414,4423
IT_350420,4191
IT_350440,3035
IT_350484,4346
IT_350497,5668
IT_350501,5222
IT_350519,3996
IT_350594,11349
IT_350631,4441
IT_350658,4422
IT_350661,4936
IT_350666,5255
IT_350690,3952
IT_350694,4524
IT_350695,5669
IT_350699,4416
IT_350772,6694
IT_350774,13049
IT_350789,721
IT_350833,5203
IT_350834,5406
IT_350836,5359
IT_350841,4492
IT_350843,4918
IT_350845,4985
IT_350847,5115
IT_350863,5703
IT_350866,5347
IT_350870,5261
IT_350871,4336
IT_350878,4024
IT_350880,4369
IT_350888,5695
IT_350900,2781
IT_350923,3021
IT_350994,5660
IT_351034,5262
IT_351040,5214
IT_351044,4869
IT_351051,5300
IT_351054,4340
IT_351057,4712
IT_351060,4126
IT_351062,4488
IT_351063,4757
IT_351064,5432
IT_351068,4730
IT_351098,4918
IT_351188,5223
IT_351194,5550
IT_351195,3626
IT_351196,4550
IT_351200,5208
IT_351206,4138
IT_351214,5688
IT_351224,5542
IT_351226,3885
IT_351228,3695
IT_351239,5292
IT_351310,3928
IT_351313,4596
IT_351364,4773
IT_351400,5477
IT_351408,4872
IT_351411,5785
IT_351418,5232
IT_351419,4219
IT_351421,4127
IT_351422,4903
IT_351424,4532
IT_351427,4150
IT_351429,4766
IT_351430,4722
IT_351462,5114
IT_351481,7718
IT_351499,1488
IT_351541,5517
IT_351543,4270
IT_351565,5475
IT_351573,5736
IT_351659,4054
IT_351664,5473
IT_351670,3547
IT_351674,4698
IT_351772,5773
IT_351849,4845
IT_351866,4354
IT_351878,4810
IT_351894,3653
IT_351897,4746
IT_351902,5186
IT_351924,4298
IT_351925,4171
IT_351933,4967
IT_351937,5019
IT_352036,732
IT_352041,4595
IT_352079,5555
IT_352081,4568
IT_352082,5627
IT_352090,5453
IT_352110,4307
IT_352118,5383
IT_352164,6930
IT_352221,460
IT_352243,4239
IT_352263,5139
IT_352266,5553
IT_352274,5314
IT_352276,5176
IT_352282,5217
IT_352284,4085
IT_352300,5541
IT_352305,4123
IT_352307,4688
IT_352308,4648
IT_352314,4763
IT_352318,5448
IT_352319,5292
IT_352326,5651
IT_352360,3335
IT_352416,941
IT_352421,5194
IT_352446,4806
IT_352465,5543
IT_352468,4364
IT_352470,4871
IT_352473,5385
IT_352474,5227
IT_352503,5504
IT_352508,4314
IT_352510,5182
IT_352513,4984
IT_352518,4648
IT_352522,5273
IT_352526,5825
IT_352597,888
IT_352656,1131
IT_352668,4735
IT_352671,5663
IT_352677,5429
IT_352681,5551
IT_352729,2852
IT_352750,6025
IT_352754,5225
IT_352762,5732
IT_352773,5433
IT_352780,6129
IT_352782,3091
IT_352802,5359
IT_352815,5860
IT_352877,4122
IT_352910,5554
IT_352915,5895
IT_352925,5133
IT_352927,5401
IT_352941,5318
IT_352944,4269
IT_352947,5167
IT_352957,5431
IT_352965,6003
IT_352971,6173
IT_353011,6090
IT_353029,832
IT_353034,5402
IT_353048,6051
IT_353065,5368
IT_353069,3602
IT_353075,5208
IT_353077,5292
IT_353079,4177
IT_353084,5467
IT_353096,5174
IT_353100,4278
IT_353103,4499
IT_353106,3971
IT_353111,5429
IT_353112,4604
IT_353124,6157
IT_353191,4053
IT_353193,764
IT_353219,4722
IT_353230,5150
IT_353239,4937
IT_353244,5208
IT_353247,5455
IT_353270,3833
IT_353279,2957
IT_353281,5428
IT_353327,5492
IT_353370,4426
IT_353373,552
IT_353377,4740
IT_353393,4235
IT_353431,3542
IT_353432,4524
IT_353437,5292
IT_353439,5258
IT_353459,3703
IT_353462,4274
IT_353465,4503
IT_353475,5425
IT_353504,5667
IT_353524,2751
IT_353551,3907
IT_353555,5413
IT_353571,881
IT_353576,4988
IT_353581,2679
IT_353605,5006
IT_353641,5404
IT_353659,5483
IT_353662,4258
IT_353667,5008
IT_353672,4829
IT_353673,4566
IT_353689,6183
IT_353719,4406
IT_353760,4510
IT_353782,4683
IT_353801,4926
IT_353803,5644
IT_353822,4982
IT_353826,5259
IT_353831,4276
IT_353834,5011
IT_353893,5346
IT_353901,4671
IT_353913,5632
IT_353915,5228
IT_353920,5095
IT_353938,5435
IT_353939,5261
IT_353947,6168
IT_353972,2633
IT_353988,1383
IT_354010,3937
IT_354064,5232
IT_354066,5162
IT_354070,5557
IT_354081,5302
IT_354087,5200
IT_354088,5179
IT_354091,5469
IT_354094,5015
IT_354101,5343
IT_354111,4261
IT_354117,4505
IT_354183,1405
IT_354189,6063
IT_354214,3739
IT_354231,4165
IT_354267,4571
IT_354272,5263
IT_354277,5557
IT_354297,4269
IT_354299,4752
IT_354305,4655
IT_354307,5429
IT_354325,2949
IT_354403,4386
IT_354418,5772
IT_354447,4962
IT_354457,5262
IT_354469,5672
IT_354474,5713
IT_354482,4287
IT_354487,4980
IT_354495,5433
IT_354571,4295
IT_354598,4259
IT_354629,4963
IT_354630,5554
IT_354636,4998
IT_354641,5213
IT_354643,4379
IT_354647,5052
IT_354666,4283
IT_354670,4973
IT_354674,4133
IT_354676,4704
IT_354677,4355
IT_354680,5427
IT_354769,4253
IT_354786,4143
IT_354813,5144
IT_354822,4974
IT_354840,1234
IT_354844,5673
IT_354848,5537
IT_354850,5273
IT_354851,4241
IT_354868,5956
IT_354892,726
IT_354926,6889
IT_354976,5523
IT_354985,5269
IT_355014,5662
IT_355067,5407
IT_355079,4714
IT_355100,5669
IT_355106,4657
IT_355111,6124
IT_355129,5285
IT_355200,4370
IT_355228,5517
IT_355234,5786
IT_355240,5182
IT_355251,5238
IT_355258,5728
IT_355265,4301
IT_355267,4137
IT_355269,4536
IT_355274,4609
IT_355277,5431
IT_355344,4969
IT_355360,4458
IT_355388,5548
IT_355395,5279
IT_355397,5201
IT_355420,4614
IT_355426,5228
IT_355447,4136
IT_355467,3041
IT_355491,6213
IT_355506,649
IT_355536,4591
IT_355555,4978
IT_355556,5588
IT_355559,4967
IT_355593,5186
IT_355599,4928
IT_355629,5058
IT_355683,3862
IT_355693,4293
IT_355713,719
IT_355717,4978
IT_355723,4989
IT_355730,4602
IT_355751,5522
IT_355754,4260
IT_355756,4188
IT_355757,5000
IT_355765,5424
IT_355766,2226
IT_355767,4563
IT_355853,807
IT_355859,4516
IT_355868,2634
IT_355874,4244
IT_355883,4680
IT_355894,5308
IT_355908,5274
IT_355910,4546
IT_355935,4260
IT_355945,4642
IT_355947,5930
IT_355949,4516
IT_356017,5541
IT_356037,6489
IT_356038,4622
IT_356084,5882
IT_356109,5493
IT_356113,5538
IT_356116,4235
IT_356119,4693
IT_356129,5430
IT_356130,4556
IT_356168,4130
IT_356178,3635
IT_356197,4923
IT_356211,5770
IT_356218,5642
IT_356222,5426
IT_356262,5702
IT_356359,5166
IT_356380,4271
IT_356390,4988
IT_356396,5130
IT_356397,4705
IT_356398,4845
IT_356401,6612
IT_356430,35287
IT_356442,3414
IT_356462,1371
IT_356467,5674
IT_356498,4199
IT_356507,4729
IT_356519,5561
IT_356522,4514
IT_356527,5252
IT_356530,5364
IT_356547,4251
IT_356552,4141
IT_356650,775
IT_356653,3771
IT_356673,4656
IT_356692,4995
IT_356696,5224
IT_356723,4152
IT_356725,4840
IT_356726,4643
IT_356754,4852
IT_356807,1412
IT_356845,3770
IT_356849,6693
IT_356877,5548
IT_356881,5798
IT_356887,5300
IT_356900,4964
IT_356913,4112
IT_356916,4973
IT_356918,5645
IT_356920,4143
IT_356922,4782
IT_356924,5429
IT_356925,4552
IT_356929,5086
IT_356931,4426
IT_357002,5180
IT_357014,4437
IT_357020,4560
IT_357022,686
IT_357027,3883
IT_357081,5380
IT_357097,4925
IT_357108,5595
IT_357114,4790
IT_357116,4596
IT_357119,5667
IT_357121,4078
IT_357122,5026
IT_357131,4446
IT_357147,5299
IT_357161,3512
IT_357168,3342
IT_357169,9296
IT_357182,1445
IT_357184,3650
IT_357211,4299
IT_357225,3793
IT_357232,4871
IT_357259,5530
IT_357261,5196
IT_357271,4685
IT_357280,4236
IT_357284,4490
IT_357286,3999
IT_357291,5285
IT_357336,5465
IT_357379,4147
IT_357426,1428
IT_357470,4459
IT_357488,5134
IT_357497,4991
IT_357507,4588
IT_357512,4916
IT_357515,5587
IT_357518,4914
IT_357526,5075
IT_357527,5188
IT_357533,4554
IT_357552,4956
IT_357602,1393
IT_357606,5188
IT_357632,4065
IT_357645,4342
IT_357667,4839
IT_357669,4991
IT_357687,5129
IT_357695,4121
IT_357700,5075
IT_357750,3434
IT_357772,3803
IT_357774,5242
IT_357796,3597
IT_357802,4124
IT_357825,6564
IT_357849,4996
IT_357854,5853
IT_357855,5005
IT_357868,5484
IT_357877,5642
IT_357879,5219
IT_357889,4965
IT_357894,5017
IT_357920,5330
IT_357935,4769
IT_357963,325
IT_357966,5003
IT_357973,5802
IT_357985,4520
IT_358008,4193
IT_358023,7206
IT_358040,5236
IT_358062,6188
IT_358090,341
IT_358093,5015
IT_358127,5852
IT_358133,4870
IT_358174,2910
IT_358178,4715
IT_358194,350
IT_358217,4963
IT_358223,3365
IT_358237,5507
IT_358253,5327
IT_358254,5007
IT_358273,4499
IT_358282,4833
IT_358327,311
IT_358330,5094
IT_358332,5312
IT_358357,4983
IT_358373,4818
IT_358379,4142
IT_358416,4482
IT_358433,396
IT_358460,41744
IT_358477,4824
IT_358495,5547
IT_358501,4996
IT_358508,4499
IT_358519,4925
IT_358535,4349
IT_358536,5146
IT_358537,4978
IT_358542,4972
IT_358543,4737
IT_358545,5483
IT_358615,5216
IT_358621,14240
IT_358637,1700
IT_358659,4502
IT_358668,4844
IT_358685,4091
IT_358691,4970
IT_358694,5606
IT_358695,4477
IT_358697,5242
IT_358704,4945
IT_358707,4200
IT_358717,5119
IT_358723,5015
IT_358794,342
IT_358796,3905
IT_358798,5537
IT_358847,9419
IT_358853,4716
IT_358871,4970
IT_358873,4536
IT_358875,5542
IT_358878,5765
IT_358881,5264
IT_358886,5455
IT_358902,4478
IT_358910,5178
IT_358918,4731
IT_358925,5390
IT_358950,3526
IT_358964,7425
IT_359010,1500
IT_359025,4863
IT_359037,6309
IT_359044,4922
IT_359067,4997
IT_359076,5518
IT_359099,4210
IT_359101,5376
IT_359102,4983
IT_359107,5077
IT_359109,5443
IT_359110,4610
IT_359116,4994
IT_359125,3118
IT_359175,337
IT_359177,4393
IT_359183,4835
IT_359202,3082
IT_359208,1422
IT_359223,6188
IT_359230,4766
IT_359244,5269
IT_359249,5581
IT_359259,5166
IT_359273,5651
IT_359278,4977
IT_359290,4160
IT_359291,5160
IT_359292,5097
IT_359308,3417
IT_359357,317
IT_359360,5371
IT_359364,6258
IT_359365,1859
IT_359370,3949
IT_359384,3982
IT_359392,5107
IT_359401,5500
IT_359405,5024
IT_359406,5554
IT_359421,5477
IT_359431,5243
IT_359437,5248
IT_359442,5262
IT_359443,5130
IT_359446,5722
IT_359447,4139
IT_359454,5121
IT_359496,4153
IT_359511,4741
IT_359520,5053
IT_359537,4153
IT_359549,5280
IT_359562,3394
IT_359579,1562
IT_359594,6600
IT_359600,301
IT_359605,9101
IT_359654,5007
IT_359671,5003
IT_359675,4803
IT_359685,4749
IT_359692,5459
IT_359699,4999
IT_359702,5579
IT_359710,4290
IT_359711,5214
IT_359718,4735
IT_359720,5419
IT_359729,1999
IT_359764,2235
IT_359794,310
IT_359795,3981
IT_359797,5140
IT_359816,4556
IT_359823,5646
IT_359848,4874
IT_359862,5228
IT_359863,5695
IT_359866,4970
IT_359867,5552
IT_359879,4759
IT_359883,5474
IT_359894,5459
IT_359904,5364
IT_359905,4980
IT_359910,5005
IT_359913,5435
IT_359915,5282
IT_359919,50063
IT_359927,3160
IT_359932,5862
IT_359972,5966
IT_359978,334
IT_360000,1944
IT_360001,3835
IT_360006,2644
IT_360021,4326
IT_360044,5156
IT_360047,5034
IT_360053,4977
IT_360069,5735
IT_360074,5416
IT_360097,4946
IT_360142,4037
IT_360156,8184
IT_360163,5201
IT_360183,1698
IT_360190,4004
IT_360216,4684
IT_360235,5763
IT_360240,4470
IT_360254,5395
IT_360260,5782
IT_360274,5279
IT_360287,5112
IT_360289,5427
IT_360306,3023
IT_360358,4695
IT_360363,10231
IT_360378,9415
IT_360398,4667
IT_360424,5472
IT_360428,5534
IT_360434,4977
IT_360449,5546
IT_360461,5798
IT_360466,5594
IT_360481,5165
IT_360483,5339
IT_360526,2475
IT_360566,4556
IT_360570,5088
IT_360603,4991
IT_360610,4998
IT_360634,5619
IT_360636,5320
IT_360643,4380
IT_360645,5477
IT_360648,5778
IT_360652,4992
IT_360655,5446
IT_360697,3950
IT_360713,4988
IT_360722,5783
IT_360724,5835
IT_360726,5199
IT_360731,5512
IT_360748,5440
IT_360749,5284
IT_360814,3809
IT_360817,4415
IT_360842,5106
IT_360863,4582
IT_360867,4983
IT_360869,5862
IT_360872,5179
IT_360895,5311
IT_360901,5075
IT_360907,5212
IT_360909,5483
IT_360912,6037
IT_360951,2251
IT_360954,4564
IT_360956,2895
IT_360974,4323
IT_360999,4313
IT_361004,3444
IT_361015,5686
IT_361017,4293
IT_361037,5258
IT_361048,4993
IT_361053,1992
IT_361066,5303
IT_361080,4408
IT_361083,5358
IT_361084,4974
IT_361087,4196
IT_361089,5146
IT_361106,5711
IT_361131,7006
IT_361153,307
IT_361174,4791
IT_361179,3859
IT_361220,5507
IT_361223,5056
IT_361226,4993
IT_361256,4366
IT_361258,5560
IT_361264,5013
IT_361266,5424
IT_361273,7558
IT_361313,463
IT_361316,5208
IT_361337,2091
IT_361338,4581
IT_361358,5654
IT_361360,4786
IT_361392,5178
IT_361406,5331
IT_361415,5738
IT_361418,5089
IT_361471,5139
IT_361473,4713
IT_361513,4622
IT_361525,4299
IT_361538,5333
IT_361554,5240
IT_361566,5792
IT_361569,5446
IT_361570,5470
IT_361593,4945
IT_361594,4709
IT_361595,5212
IT_361603,4781
IT_361634,283
IT_361651,4359
IT_361656,4319
IT_361668,4797
IT_361691,5542
IT_361694,4991
IT_361699,5709
IT_361719,5057
IT_361723,5463
